Dairy & Eggs,Egg & Egg Substitutes,https://www.loblaws.ca/food/dairy-eggs/egg-egg-substitutes/c/28222?navid=flyout-L3-Egg-and-Egg-Substitutes
Pet Supplies,Fish & Aquatic Animals,https://www.loblaws.ca/pet-supplies/fish-aquatic-animals/c/28042?navid=flyout-L3-Fish-and-Aquatic-Animals
Prepared Meals,Pizza,https://www.loblaws.ca/food/prepared-meals/pizza/c/28211?navid=flyout-L3-Prepared-Meals-Pizza
Pet Supplies,Fish & Aquatic Animals,https://www.loblaws.ca/pet-supplies/fish-aquatic-animals/c/28042?navid=flyout-L3-Fish-and-Aquatic-Animals
Household Supplies,Floor Care,https://www.loblaws.ca/home-and-living/household-cleaning-products/floor-care/c/28181?navid=flyout-L3-Floor-Care
"Patio, BBQs & Garden",Patio Furniture,https://www.loblaws.ca/lawn-garden-patio/patio-furniture/c/28144?navid=flyout-L3-Patio%20Furniture
"Patio, BBQs & Garden",Outdoor Drinkware,https://www.loblaws.ca/collections/outdoordrinkware?navid=flyout-L3-Outdoor%20Drinkware
Home & Kitchen,Bakeware,https://www.loblaws.ca/home-kitchen/kitchen/bakeware/c/28360?navid=flyout-L3-Bakeware
Home & Kitchen,Dinner & Tableware,https://www.loblaws.ca/home-kitchen/dining-entertaining/dinner-tableware/c/28363?navid=flyout-L3-Dinner-and-Tableware
Home & Kitchen,Candles & Home Fragrance,https://www.loblaws.ca/home-and-living/home-decor/candles-home-fragrance/c/28318?navid=flyout-L3-Candles-and-Home-Fragrance
Home & Kitchen,Home Storage & Organization,https://www.loblaws.ca/home-kitchen/home-storage-organization/c/28015?navid=flyout-L3-Home-Storage-and-Organization
