"50 pint Dehumidifier 4,500 Sq. ft High Humidity Large Rooms, or Basements, Cooper&Hunter",3RGN162MEN5Z,https://wrd.walmart.com/track?rdf=1&adUid=67d0fa6f-4b04-45d4-89cb-e9ee4d2ff6b8&plmt=sp-browse-middle~desktop~&tax=1072864_133032_1231459_112918&pltfm=desktop&eventST=click&pgId=1072864_133032_1231459_112918&spQs=m_2YQC7HtIf0Oqohqm6NlJfbLKCqmzBivvmLhcvPIOu9HIgKyt0PZrQdWQfib_Qu215kakvyjmv07LryXk8Mpu-fYSLZ4aavpz1g157xTUpRlbtoOTlk4i0dsyqIiMC-olZPyiEwdFoILjTAC4bdOjLKeYKudMtB1RkXWPoC8HQ&storeId=3081&pt=browse&pos=1&bt=1&mloc=sp-browse-middle&bkt=2478&rd=https%3A%2F%2Fwww.walmart.com%2Fip%2F50-pint-Dehumidifier-4-500-Sq-ft-High-Humidity-Large-Rooms-or-Basements-Cooper-Hunter%2F370321486%3Fathbdg%3DL1400&athbdg=L1400,$199.00,
"TACKLIFE Home Dehumidifiers 35 Pints For 3000 Sq. ft Room, Large Removal with Water Bucket & Continuous Drain Hose for Self-Draining, Ideal for Basement(38°F), Bedroom, Bathroom | TKD350",6F1H0SUE096Q,https://wrd.walmart.com/track?rdf=1&adUid=67d0fa6f-4b04-45d4-89cb-e9ee4d2ff6b8&plmt=sp-browse-middle~desktop~&tax=1072864_133032_1231459_112918&pltfm=desktop&eventST=click&pgId=1072864_133032_1231459_112918&spQs=2iIoF_rX22ObvlVPCQsuYhiORL4CCm7gcD11uKEDYNN16yHbvjO63m2gndBUr38Rd1toSfdCjrHs6jJMOqaRbuPYu_931LShx5TGZxKRFvkXUVCiU_JLHH0L__eOwicGqZyWSEskboVb5vxFDGtF4HcEDJ9IJeK1uKR4PlDmcoU&storeId=3081&pt=browse&pos=2&bt=1&mloc=sp-browse-middle&bkt=2478&rd=https%3A%2F%2Fwww.walmart.com%2Fip%2FTACKLIFE-Home-Dehumidifiers-35-Pints-For-3000-Sq-ft-Room-Large-Removal-Water-Bucket-Continuous-Drain-Hose-Self-Draining-Ideal-Basement-38-F-Bedroom-B%2F455059422%3Fathbdg%3DL1700&athbdg=L1700,$174.99,5 out of 5 Stars. 1 reviews
"Waykar 70 Pints Dehumidifier for Basement and Home with Drain Hose, Spaces up to 4500 Sq Ft, Removes 9 Gallons Moisture/Day, 1.18 Gallons Water Tank and Four Air Outlets",30VG1S754JKH,https://wrd.walmart.com/track?rdf=1&adUid=67d0fa6f-4b04-45d4-89cb-e9ee4d2ff6b8&plmt=sp-browse-middle~desktop~&tax=1072864_133032_1231459_112918&pltfm=desktop&eventST=click&pgId=1072864_133032_1231459_112918&spQs=Ev6TThKxqma-yCSk7qDxJH62udCmG_BXntrvtI6C0UOzikq0lmREYFcVsUQ-_88GrZ8inQiqI0149FUpIdxCUNG7BSUxeM1wdAMqTTssmTyjd8mXrauGFcVnXhlcd6LuO0HVaZforTzilqzpo1nTOBpEf-8TbVfOd6ye6iH_NeQ&storeId=3081&pt=browse&pos=3&bt=1&mloc=sp-browse-middle&bkt=2478&rd=https%3A%2F%2Fwww.walmart.com%2Fip%2FWaykar-70-Pints-Dehumidifier-Basement-Home-Drain-Hose-Spaces-4500-Sq-Ft-Removes-9-Gallons-Moisture-Day-1-18-Water-Tank-Four-Air-Outlets%2F346744009%3Fathbdg%3DL1700&athbdg=L1700,$259.99,5 out of 5 Stars. 668 reviews
ALROCKET 5-Pint Dehumidifier Portable and Ultra Quiet with Automatic Defrosting for Home 1000ML(2200 Cubic Feet),70C6MU9I6MLG,https://wrd.walmart.com/track?rdf=1&adUid=67d0fa6f-4b04-45d4-89cb-e9ee4d2ff6b8&plmt=sp-browse-middle~desktop~&tax=1072864_133032_1231459_112918&pltfm=desktop&eventST=click&pgId=1072864_133032_1231459_112918&spQs=wX7n3h6V6cVlaX5_XNGmdyoa4ppagp72SrQFTSgNA4Iu3i0szoVKynUPfFfQCPsGpY7wOT0mAJC5FdDsBSURER4YNT-pdLrGv0Ro6DNPhammZqcFLyAgYnJCS8E9xZlisNU1IpV2TnHpfsjF0HNcUPB7eqF2mS8r2rRJKhbLt1k&storeId=3081&pt=browse&pos=4&bt=1&mloc=sp-browse-middle&bkt=2478&rd=https%3A%2F%2Fwww.walmart.com%2Fip%2FALROCKET-5-Pint-Dehumidifier-Portable-and-Ultra-Quiet-with-Automatic-Defrosting-for-Home-1000ML-2200-Cubic-Feet%2F386190834%3Fathbdg%3DL1700&athbdg=L1700,$39.99,4.1 out of 5 Stars. 31 reviews
"GE Appliances 35 Pint Dehumidifier for Very Damp Rooms, Energy Star, ADEW35LZ, White",6Z22C6W2EKF4,/ip/GE-Appliances-35-Pint-Dehumidifier-for-Very-Damp-Rooms-Energy-Star-ADEW35LZ-White/309495300,$173.99,5 out of 5 Stars. 2 reviews
"Midea 50-Pint EnergyStar Smart Dehumidifier for Wet Rooms with Pump, Black, MAD50PS1WBL",352D9DXG50MS,/ip/Midea-50-Pint-EnergyStar-Smart-Dehumidifier-for-Wet-Rooms-with-Pump-Black-MAD50PS1WBL/609854141?athbdg=L1600,$249.00,4.4 out of 5 Stars. 97 reviews
"Midea 22-Pints Energy Star Smart Dehumidifier for Damp Rooms, White, MAD22S1WWT",1NQ8A2JY91FI,/ip/Midea-22-Pints-Energy-Star-Smart-Dehumidifier-for-Damp-Rooms-White-MAD22S1WWT/832213626?athbdg=L1600,$169.00,4.6 out of 5 Stars. 70 reviews
"GE 20 Pt Portable Dehumidifier for Damp Spaces, White, ADEW20LY",5O8M259GBAYX,/ip/GE-20-Pt-Portable-Dehumidifier-for-Damp-Spaces-White-ADEW20LY/586071492?athbdg=L1200,$172.00,4.6 out of 5 Stars. 697 reviews
"Midea 50-Pint EnergyStar Dehumidifier for Wet Rooms with Pump, MAD50P1ZWS",6YLJOI14DL8P,/ip/Midea-50-Pint-EnergyStar-Dehumidifier-for-Wet-Rooms-with-Pump-MAD50P1ZWS/183627460,$198.00,4.4 out of 5 Stars. 57 reviews
"Midea 35-Pint Energy Star Smart Dehumidifier for Very Damp Rooms, White, MAD35S1WWT",2DPKACM5JLVO,/ip/Midea-35-Pint-Energy-Star-Smart-Dehumidifier-for-Very-Damp-Rooms-White-MAD35S1WWT/963578864?athbdg=L1600,$213.00,4.6 out of 5 Stars. 65 reviews
"Midea 22-Pint Energy Star Smart Dry Dehumidifier, Factory Refurbished ",495XXS0IW3MB,https://wrd.walmart.com/track?rdf=1&adUid=67d0fa6f-4b04-45d4-89cb-e9ee4d2ff6b8&plmt=sp-browse-middle~desktop~&tax=1072864_133032_1231459_112918&pltfm=desktop&eventST=click&pgId=1072864_133032_1231459_112918&spQs=HagyV5F1DpY9JkcvTV8Iy_bxtVjycxGVgPQwieTYJ37gwW8TnAavBuiBbkuIeJRgQa12ALK7Hgts7Cce2jaggsHGSVhTsTon4Dqn3ZMfsat79-zhUQXsDJooexa-OUaDTQgfxBr_QJ6CW8dFGJeXbTNRe7jPLaYeFU5Wsjo6-hw&storeId=3081&pt=browse&pos=11&bt=1&mloc=sp-browse-middle&bkt=2478&rd=https%3A%2F%2Fwww.walmart.com%2Fip%2FMidea-22-Pint-Energy-Star-Smart-Dry-Dehumidifier-Factory-Refurbished%2F288135705%3Fathbdg%3DL1600&athbdg=L1600,$127.87,5 out of 5 Stars. 1 reviews
AUZKIN 700ml Small Dehumidifiers with LED Light 2200 Cubic feet (215 Sq. ft) ,5EZPAIUMOUEZ,https://wrd.walmart.com/track?rdf=1&adUid=67d0fa6f-4b04-45d4-89cb-e9ee4d2ff6b8&plmt=sp-browse-middle~desktop~&tax=1072864_133032_1231459_112918&pltfm=desktop&eventST=click&pgId=1072864_133032_1231459_112918&spQs=mfWvQpzjDK-3WsBCFhgBbzV2D6DCZ63GvSecJJYtOTzomb4AGn-UPsctdkTGNMPudJmYE1tDa7ceag0NwbBbU4o_L_oL8d32X5BXxexPLikKR-f2dmJiW3-9Kx6vKNqC6Qa32mWwkox8_Qc8FO6rwFAZ-il2LgS-0Uhj-dttZkE&storeId=3081&pt=browse&pos=12&bt=1&mloc=sp-browse-middle&bkt=2478&rd=https%3A%2F%2Fwww.walmart.com%2Fip%2FAUZKIN-700ml-Small-Dehumidifiers-with-LED-Light-2200-Cubic-feet-215-Sq-ft%2F831347236%3Fathbdg%3DL1700&athbdg=L1700,$35.99,4.4 out of 5 Stars. 19 reviews
Pro Breeze 1 Pint Portable Dehumidifier for Small Rooms up to 215 sq. ft. - 0.5 Pint Moisture Removal/Day ,2IQYAFECVCZ0,/ip/Pro-Breeze-1-Pint-Portable-Dehumidifier-for-Small-Rooms-up-to-215-sq-ft-0-5-Pint-Moisture-Removal-Day/985663512?athbdg=L1600,$49.86,5 out of 5 Stars. 4 reviews
AUZKIN 700ml Small Dehumidifiers with LED Light 2200 Cubic feet (215 Sq. ft) ,5EZPAIUMOUEZ,/ip/AUZKIN-700ml-Small-Dehumidifiers-with-LED-Light-2200-Cubic-feet-215-Sq-ft/831347236?athbdg=L1700,$35.99,4.4 out of 5 Stars. 19 reviews
ALROCKET 5-Pint Dehumidifier Portable and Ultra Quiet for Home Large Room 77.5oz 2300ml(4500 Cubic Feet) ,3CLJD18CI637,/ip/ALROCKET-5-Pint-Dehumidifier-Portable-and-Ultra-Quiet-for-Home-Large-Room-77-5oz-2300ml-4500-Cubic-Feet/844385781?athbdg=L1700,$64.99,4.5 out of 5 Stars. 36 reviews
"hOmeLabs 1,500 Sq. Ft Energy Star Dehumidifier for Medium to Large Rooms and Basements, 22 pints ",1L2RBTK3E2V8,/ip/hOmeLabs-1-500-Sq-Ft-Energy-Star-Dehumidifier-for-Medium-to-Large-Rooms-and-Basements-22-pints/704865222?athbdg=L1700,From $199.97,4.7 out of 5 Stars. 454 reviews
"VAVSEA Electric Dehumidifier, 1200 Cubic Feet (215 sq ft) Small Dehumidifier, Portable Mini Dehumidifier with Auto Shut Off, Quiet Air Dehumidifier for Home, Bathroom, Bedroom, Kitchen, Office ",2GOZMVK0HVM3,/ip/VAVSEA-Electric-Dehumidifier-1200-Cubic-Feet-215-sq-ft-Small-Portable-Mini-Dehumidifier-Auto-Shut-Off-Quiet-Air-Home-Bathroom-Bedroom-Kitchen-Office/252811104?athbdg=L1700,$36.90,4.8 out of 5 Stars. 294 reviews
Midea Cube Smart Wifi Dehumidifiers ,7BCJKWMNNHLY,/ip/Midea-Cube-20-Pint-Smart-WiFi-Dehumidifier-Coverage-Up-to-2-000-Sq-Ft/576368392,$197.00,4.5 out of 5 Stars. 62 reviews
"GENERAL ELECTRIC Energy Star 35-Pint Portable Dehumidifier with Drain, White, ADHB35LZ ",4OYEOUAQ489V,/ip/GENERAL-ELECTRIC-Energy-Star-35-Pint-Portable-Dehumidifier-with-Drain-White-ADHB35LZ/410372103,$114.99,3.2 out of 5 Stars. 12 reviews
Alrocket Small Dehumidifiers with LED Light 2200 Cubic feet (215 Sq Ft)- Black ,6FPAKYPV2B0I,/ip/Alrocket-Small-Dehumidifiers-with-LED-Light-2200-Cubic-feet-215-Sq-Ft-Black/666977685?athbdg=L1700,$35.99,4.8 out of 5 Stars. 13 reviews
"Waykar 30 Pints Dehumidifier for Basement and Home with Drain Hose, Spaces up to 1700 Sq Ft, Moisture Remove ",3LU4EAGDIRHL,https://wrd.walmart.com/track?rdf=1&adUid=67d0fa6f-4b04-45d4-89cb-e9ee4d2ff6b8&plmt=sp-browse-middle~desktop~&tax=1072864_133032_1231459_112918&pltfm=desktop&eventST=click&pgId=1072864_133032_1231459_112918&spQs=EfPsXnIJ23s7ywBewoRVAX62udCmG_BXntrvtI6C0UOzikq0lmREYFcVsUQ-_88GrZ8inQiqI0149FUpIdxCUNG7BSUxeM1wdAMqTTssmTymZqcFLyAgYnJCS8E9xZli6z-GuFFFKfmHtYmG0qVJSnCsMuAWjtQHslD3glueGWg&storeId=3081&pt=browse&pos=21&bt=1&mloc=sp-browse-middle&bkt=2478&rd=https%3A%2F%2Fwww.walmart.com%2Fip%2FWaykar-30-Pints-Dehumidifier-for-Basement-and-Home-with-Drain-Hose-Spaces-up-to-1700-Sq-Ft-Moisture-Remove%2F410505447%3Fathbdg%3DL1700&athbdg=L1700,$179.99,4 out of 5 Stars. 146 reviews
"hOmeLabs 4,500 Sq. Ft Energy Star Dehumidifier for Extra Large Rooms and Basements ",2QL914V3XP0R,https://wrd.walmart.com/track?rdf=1&adUid=67d0fa6f-4b04-45d4-89cb-e9ee4d2ff6b8&plmt=sp-browse-middle~desktop~&tax=1072864_133032_1231459_112918&pltfm=desktop&eventST=click&pgId=1072864_133032_1231459_112918&spQs=i8QrdH1EgED_VkmLyg_IMuhYl524Vr8NM72QFcZiDtxCx54v5Di3kDWC2Vbt6q3rfApjLUVFYqOlEZWQrz_KceFZZMj-i1Dmj_uL0ElSQd9UBmIR4DkMeFobOc5uZifyTqx9TdzHb6D4BNcxlMeyeBP971-tnpQeW9j4jphK7J0&storeId=3081&pt=browse&pos=22&bt=1&mloc=sp-browse-middle&bkt=2478&rd=https%3A%2F%2Fwww.walmart.com%2Fip%2FhOmeLabs-4-500-Sq-Ft-Energy-Star-Dehumidifier-for-Extra-Large-Rooms-and-Basements%2F605416084%3Fathbdg%3DL1700&athbdg=L1700,$269.97,4.5 out of 5 Stars. 263 reviews
ALROCKET 5-Pint Dehumidifier Portable and Ultra Quiet with Automatic Defrosting for Home 1000ML(2200 Cubic Feet) ,70C6MU9I6MLG,/ip/ALROCKET-5-Pint-Dehumidifier-Portable-and-Ultra-Quiet-with-Automatic-Defrosting-for-Home-1000ML-2200-Cubic-Feet/386190834?athbdg=L1700,$39.99,4.1 out of 5 Stars. 31 reviews
"Midea Cube 20-Pint 2-Speed Wi-Fi Connected Dehumidifier ENERGY STAR, Factory Refurbished ",736OQDC3KN5Z,/ip/Midea-Cube-20-Pint-2-Speed-Wi-Fi-Connected-Dehumidifier-ENERGY-STAR-Factory-Refurbished/719268928,$114.99,
"Frigidaire 35-Pint Dehumidifier with Effortless Humidity Control, White ",4DGJ4H8SHWIS,/ip/Frigidaire-35-Pint-Dehumidifier-with-Effortless-Humidity-Control-White/512074322,$297.00,4.6 out of 5 Stars. 1167 reviews
Eva-Dry EDV-1100 Petite Dehumidifier ,57IDSZSVX3UW,/ip/Eva-Dry-EDV-1100-Petite-Dehumidifier/22134420?athbdg=L1700,$36.90,4.2 out of 5 Stars. 217 reviews
"Waykar 70 Pints Dehumidifier for Basement and Home with Drain Hose, Spaces up to 4500 Sq Ft, Removes 9 Gallons Moisture/Day, 1.18 Gallons Water Tank and Four Air Outlets ",30VG1S754JKH,/ip/Waykar-70-Pints-Dehumidifier-Basement-Home-Drain-Hose-Spaces-4500-Sq-Ft-Removes-9-Gallons-Moisture-Day-1-18-Water-Tank-Four-Air-Outlets/346744009?athbdg=L1700,$259.99,5 out of 5 Stars. 668 reviews
ALROCKET 1200ML Portable Quiet Dehumidifier (480 Sq ft) Automatic Defrosting Dehumidifier for Home ,6CHGEV9AP3TY,/ip/ALROCKET-1200ML-Portable-Quiet-Dehumidifier-480-Sq-ft-Automatic-Defrosting-Dehumidifier-for-Home/425431628?athbdg=L1700,$44.99,5 out of 5 Stars. 17 reviews
"hOmeLabs 4,500 Sq. Ft Energy Star Dehumidifier for Extra Large Rooms and Basements ",2QL914V3XP0R,/ip/hOmeLabs-4-500-Sq-Ft-Energy-Star-Dehumidifier-for-Extra-Large-Rooms-and-Basements/605416084?athbdg=L1700,$269.97,4.5 out of 5 Stars. 263 reviews
"TACKLIFE Home Dehumidifiers 35 Pints For 3000 Sq. ft Room, Large Removal with Water Bucket & Continuous Drain Hose for Self-Draining, Ideal for Basement(38F), Bedroom, Bathroom | TKD350 ",6F1H0SUE096Q,/ip/TACKLIFE-Home-Dehumidifiers-35-Pints-For-3000-Sq-ft-Room-Large-Removal-Water-Bucket-Continuous-Drain-Hose-Self-Draining-Ideal-Basement-38-F-Bedroom-B/455059422?athbdg=L1700,$174.99,5 out of 5 Stars. 1 reviews
"Della 3000 Sq. Ft Wi-Fi Energy Star Dehumidifier for Home and Basement with Auto or Manual Drainage, 0.9 Gallon Water Tank Capacity ",77VRVUA731DS,https://wrd.walmart.com/track?rdf=1&adUid=67d0fa6f-4b04-45d4-89cb-e9ee4d2ff6b8&plmt=sp-browse-middle~desktop~&tax=1072864_133032_1231459_112918&pltfm=desktop&eventST=click&pgId=1072864_133032_1231459_112918&spQs=3dv3-E5ehzQJX2WH1h36zQHeTIB57UTXghEuM3L6SILvfAddOccGxULM5XnsjVr2qNKP3piK1PLDoj45Ly9KhZ2NIyIFls6OZW9QxHEUwko03D-q1PIbUmS3Lx9BsI9DcSSYAZ3N7QuT64hT6h8gVCcl5JvU8yEaweUz4cvRpAE&storeId=3081&pt=browse&pos=31&bt=1&mloc=sp-browse-middle&bkt=2478&rd=https%3A%2F%2Fwww.walmart.com%2Fip%2FDella-3000-Sq-Ft-Wi-Fi-Energy-Star-Dehumidifier-for-Home-and-Basement-with-Auto-or-Manual-Drainage-0-9-Gallon-Water-Tank-Capacity%2F206416933%3Fathbdg%3DL1600&athbdg=L1600,$189.96,4.2 out of 5 Stars. 21 reviews
"Midea 50-Pint EnergyStar Dehumidifier for Wet Rooms with Pump, MAD50P1ZWS ",6YLJOI14DL8P,https://wrd.walmart.com/track?rdf=1&adUid=67d0fa6f-4b04-45d4-89cb-e9ee4d2ff6b8&plmt=sp-browse-middle~desktop~&tax=1072864_133032_1231459_112918&pltfm=desktop&eventST=click&pgId=1072864_133032_1231459_112918&spQs=yGmCFLkoIp2puXkrhIgQtjDcnDNc8wetx4uRYAEaNDxFkF-RAWDD-OGeyR9C25u1EPwiw2kksnSxAXDPknVX_nA_2_5dPIVav2KFA3xJZpiDE0GsDtEJ2xZFklSwFEbtvGV_qQTSLXTEylA57jcD9rkD24OTAcHRJlww3V8lc1Y&storeId=3081&pt=browse&pos=32&bt=1&mloc=sp-browse-middle&bkt=2478&rd=https%3A%2F%2Fwww.walmart.com%2Fip%2FMidea-50-Pint-EnergyStar-Dehumidifier-for-Wet-Rooms-with-Pump-MAD50P1ZWS%2F183627460&/ip/Midea-50-Pint-EnergyStar-Dehumidifier-for-Wet-Rooms-with-Pump-MAD50P1ZWS/183627460,$198.00,4.4 out of 5 Stars. 57 reviews
"Waykar 30 Pints Dehumidifier for Basement and Home with Drain Hose, Spaces up to 1700 Sq Ft, Moisture Remove ",3LU4EAGDIRHL,/ip/Waykar-30-Pints-Dehumidifier-for-Basement-and-Home-with-Drain-Hose-Spaces-up-to-1700-Sq-Ft-Moisture-Remove/410505447?athbdg=L1700,$179.99,4 out of 5 Stars. 146 reviews
"Midea 22-Pint Energy Star Smart Dry Dehumidifier, Factory Refurbished ",495XXS0IW3MB,/ip/Midea-22-Pint-Energy-Star-Smart-Dry-Dehumidifier-Factory-Refurbished/288135705?athbdg=L1600,$127.87,5 out of 5 Stars. 1 reviews
"Frigidaire 50-Pint Dehumidifier with Effortless Humidity Control, White ",26EQDFAPD8H0,/ip/Frigidaire-50-Pint-Dehumidifier-with-Effortless-Humidity-Control-White/142754049,$314.36,4.6 out of 5 Stars. 6879 reviews
"VAVSEA 1500ml Dehumidifier for Home, Electric Small Dehumidifier(322 sq ft), Compact Ultra Quiet Mini Dehumidifier for Bedroom, Kitchen, Basement, Caravan, Office, Garage or Closet ",33HIFE6JT9YA,/ip/VAVSEA-1500ml-Dehumidifier-Home-Electric-Small-Dehumidifier-322-sq-ft-Compact-Ultra-Quiet-Mini-Bedroom-Kitchen-Basement-Caravan-Office-Garage-Closet/747866379?athbdg=L1400,$36.99,4.9 out of 5 Stars. 7 reviews
"Midea 50-Pint 115-Volt Smartdry Dehumidifier, Factory Refurbished ",3JHUNRGPZJDU,/ip/Midea-50-Pint-115-Volt-Smartdry-Dehumidifier-Factory-Refurbished/997636200,$144.99,
"Pure Enrichment PureDry Deluxe Dehumidifier - Mid-Sized 1.5L Water Tank Eliminates 500ml/day in Excess Moisture from Closets, Bathrooms, Basements, Boats, Kitchens and Other Small to Mid-Sized Areas ",5JYYGP6H3FMU,/ip/Pure-Enrichment-PureDry-Deluxe-Dehumidifier-Mid-Sized-1-5L-Water-Tank-Eliminates-500ml-day-Excess-Moisture-Closets-Bathrooms-Basements-Boats-Kitchens/252506612,$99.99,4.4 out of 5 Stars. 81 reviews
"Dehumidifier For Basement, DFITO 50 Pint 4500 Square Feet Dehumidifier, w/Large 4L Tank, Drain /Smart Humidity Control/Laundry Dryer/ Auto Defrost, Dehumidifier For Home/ Room/Bedroom/Office, DJ300 ",6SUHW8RGJYQ1,/ip/Dehumidifier-For-Basement-DFITO-50-Pint-4500-Square-Feet-Dehumidifier-w-Large-4L-Tank-Drain-Smart-Humidity-Control-Laundry-Dryer-Auto-Defrost-Home-Ro/226247870?athbdg=L1400,From $247.99,
"ORFELD Dehumidifier Combo, 30oz 860ml Dehumidifiers, 2200 Cubic Feet 240 Sq. Ft Portable Quiet Dehumidifier with 7 Colors LED Light for Basements, Bathroom, Bedroom ",5O5DJLOGDJ4X,/ip/ORFELD-Dehumidifier-Combo-30oz-860ml-Dehumidifiers-2200-Cubic-Feet-240-Sq-Ft-Portable-Quiet-7-Colors-LED-Light-Basements-Bathroom-Bedroom/466379035?athbdg=L1700,$54.99,4.5 out of 5 Stars. 8 reviews
BLACK+DECKER BD30MWSA 30-Pint Portable Dehumidifier ,5XRDLK62FW7D,/ip/BLACK-DECKER-BD30MWSA-30-Pint-Portable-Dehumidifier/688473667,$189.81,
"50 pint Dehumidifier 4,500 Sq. ft High Humidity Large Rooms, or Basements, Cooper&Hunter ",3RGN162MEN5Z,/ip/50-pint-Dehumidifier-4-500-Sq-ft-High-Humidity-Large-Rooms-or-Basements-Cooper-Hunter/370321486?athbdg=L1400,$199.00,
"BLACK+DECKER BD22MWSA 22 Pint Dehumidifier, Energy Star Certified ",1YAV9MPWGIM0,/ip/BLACK-DECKER-BD22MWSA-22-Pint-Dehumidifier-Energy-Star-Certified/673101352,$141.00,
"Mini Dehumidifier for Small Spaces, Bedrooms, Wardrobes, Closets, Cars, Non-Toxic Cordless Rechargeable Dehumidifier ",0WD0FNHWFUZV,/ip/Mini-Dehumidifier-for-Small-Spaces-Bedrooms-Wardrobes-Closets-Cars-Non-Toxic-Cordless-Rechargeable-Dehumidifier/746713106?athbdg=L1700,$8.69,
"Vremi 50 Pint 4,500 Sq. Ft. Dehumidifier Energy Star Rated for Large Spaces and Basements ",3JMSLTIVHDSH,/ip/Vremi-50-Pint-4-500-Sq-Ft-Dehumidifier-Energy-Star-Rated-for-Large-Spaces-and-Basements/434120727?athbdg=L1600,$179.97,4.6 out of 5 Stars. 28 reviews
"Arctic King 20 Pint Energy Star Rated Dehumidifier for Damp Rooms, WDK20AE1N ",584LI602P268,/ip/Arctic-King-20-Pint-Energy-Star-Rated-Dehumidifier-for-Damp-Rooms-WDK20AE1N/855600512,$175.00,4.5 out of 5 Stars. 133 reviews
"Honeywell TP70PWKN 70 Pint Energy Star Dehumidifier with Pump for Basements & Large Rooms Up To 4000 Sq. Ft. with Mirage Display, Washable Filter to Remove Odor & Filter Change Alert ",1ZYEDE78M0O9,/ip/Honeywell-TP70PWKN-70-Pint-Energy-Star-Dehumidifier-Pump-Basements-Large-Rooms-Up-To-4000-Sq-Ft-Mirage-Display-Washable-Filter-Remove-Odor-Change-Ale/362321458?athbdg=L1600,$362.83,4.2 out of 5 Stars. 22 reviews
FRIGIDAIRE FFAD5033W1 High Humidity 50 Pint Capacity Dehumidifier ,6BGG9BRXVAME,/ip/FRIGIDAIRE-FFAD5033W1-High-Humidity-50-Pint-Capacity-Dehumidifier/580452196?athbdg=L1700,$378.76,
"GE 50 Pt E-STAR Portable Dehum w/ Pump for Wet Space, Grey, APEW50LZ ",7COWOG5EBEBQ,/ip/GE-50-Pt-E-STAR-Portable-Dehum-w-Pump-for-Wet-Space-Grey-APEW50LZ/938072177,$254.00,4.7 out of 5 Stars. 86 reviews
"Kloudic 77.5oz 2300ml Dehumidifiers, Portable Dehumidifiers for Home with Timer & Defrost Function, 4500 Cubic Feet 480 Sq ft,White ",1DM8JJ5X7ZVE,/ip/Kloudic-77-5oz-2300ml-Dehumidifiers-Portable-Dehumidifiers-for-Home-with-Timer-Defrost-Function-4500-Cubic-Feet-480-Sq-ft-White/979161670?athbdg=L1700,$66.99,4.3 out of 5 Stars. 15 reviews
"50 pint Dehumidifier 4,500 Sq. ft High Humidity Large Rooms, or Basements, Cooper&Hunter",3RGN162MEN5Z,https://wrd.walmart.com/track?rdf=1&adUid=aa1ad42a-2ee7-4b53-85a0-61fb8200c406&plmt=sp-browse-middle~desktop~&tax=1072864_133032_1231459_112918&pltfm=desktop&eventST=click&pgId=1072864_133032_1231459_112918&spQs=m_2YQC7HtIf0Oqohqm6NlJfbLKCqmzBivvmLhcvPIOu9HIgKyt0PZrQdWQfib_Qu215kakvyjmv07LryXk8MpqSJcqxXoCMuqD22Eb7qcARRlbtoOTlk4i0dsyqIiMC-olZPyiEwdFoILjTAC4bdOjLKeYKudMtB1RkXWPoC8HQ&storeId=3081&pt=browse&pos=1&bt=1&mloc=sp-browse-middle&bkt=2478&rd=https%3A%2F%2Fwww.walmart.com%2Fip%2F50-pint-Dehumidifier-4-500-Sq-ft-High-Humidity-Large-Rooms-or-Basements-Cooper-Hunter%2F370321486%3Fathbdg%3DL1400&athbdg=L1400,$199.00,
"TACKLIFE Home Dehumidifiers 35 Pints For 3000 Sq. ft Room, Large Removal with Water Bucket & Continuous Drain Hose for Self-Draining, Ideal for Basement(38°F), Bedroom, Bathroom | TKD350",6F1H0SUE096Q,https://wrd.walmart.com/track?rdf=1&adUid=aa1ad42a-2ee7-4b53-85a0-61fb8200c406&plmt=sp-browse-middle~desktop~&tax=1072864_133032_1231459_112918&pltfm=desktop&eventST=click&pgId=1072864_133032_1231459_112918&spQs=2iIoF_rX22ObvlVPCQsuYhiORL4CCm7gcD11uKEDYNN16yHbvjO63m2gndBUr38Rd1toSfdCjrHs6jJMOqaRbu0Mc3xcL0Iqtm2xPxkkLtoXUVCiU_JLHH0L__eOwicGqZyWSEskboVb5vxFDGtF4HcEDJ9IJeK1uKR4PlDmcoU&storeId=3081&pt=browse&pos=2&bt=1&mloc=sp-browse-middle&bkt=2478&rd=https%3A%2F%2Fwww.walmart.com%2Fip%2FTACKLIFE-Home-Dehumidifiers-35-Pints-For-3000-Sq-ft-Room-Large-Removal-Water-Bucket-Continuous-Drain-Hose-Self-Draining-Ideal-Basement-38-F-Bedroom-B%2F455059422%3Fathbdg%3DL1700&athbdg=L1700,$174.99,5 out of 5 Stars. 1 reviews
"Waykar 70 Pints Dehumidifier for Basement and Home with Drain Hose, Spaces up to 4500 Sq Ft, Removes 9 Gallons Moisture/Day, 1.18 Gallons Water Tank and Four Air Outlets",30VG1S754JKH,https://wrd.walmart.com/track?rdf=1&adUid=aa1ad42a-2ee7-4b53-85a0-61fb8200c406&plmt=sp-browse-middle~desktop~&tax=1072864_133032_1231459_112918&pltfm=desktop&eventST=click&pgId=1072864_133032_1231459_112918&spQs=Ev6TThKxqma-yCSk7qDxJH62udCmG_BXntrvtI6C0UOzikq0lmREYFcVsUQ-_88GrZ8inQiqI0149FUpIdxCUAy3UzyLO6Kt9v8H0b9EM1ejd8mXrauGFcVnXhlcd6LuO0HVaZforTzilqzpo1nTOBpEf-8TbVfOd6ye6iH_NeQ&storeId=3081&pt=browse&pos=3&bt=1&mloc=sp-browse-middle&bkt=2478&rd=https%3A%2F%2Fwww.walmart.com%2Fip%2FWaykar-70-Pints-Dehumidifier-Basement-Home-Drain-Hose-Spaces-4500-Sq-Ft-Removes-9-Gallons-Moisture-Day-1-18-Water-Tank-Four-Air-Outlets%2F346744009%3Fathbdg%3DL1700&athbdg=L1700,$259.99,5 out of 5 Stars. 668 reviews
ALROCKET 5-Pint Dehumidifier Portable and Ultra Quiet with Automatic Defrosting for Home 1000ML(2200 Cubic Feet),70C6MU9I6MLG,https://wrd.walmart.com/track?rdf=1&adUid=aa1ad42a-2ee7-4b53-85a0-61fb8200c406&plmt=sp-browse-middle~desktop~&tax=1072864_133032_1231459_112918&pltfm=desktop&eventST=click&pgId=1072864_133032_1231459_112918&spQs=wX7n3h6V6cVlaX5_XNGmdyoa4ppagp72SrQFTSgNA4Iu3i0szoVKynUPfFfQCPsGpY7wOT0mAJC5FdDsBSUREUQr98tfrPdT8ZRNoSLukiOmZqcFLyAgYnJCS8E9xZlisNU1IpV2TnHpfsjF0HNcUPB7eqF2mS8r2rRJKhbLt1k&storeId=3081&pt=browse&pos=4&bt=1&mloc=sp-browse-middle&bkt=2478&rd=https%3A%2F%2Fwww.walmart.com%2Fip%2FALROCKET-5-Pint-Dehumidifier-Portable-and-Ultra-Quiet-with-Automatic-Defrosting-for-Home-1000ML-2200-Cubic-Feet%2F386190834%3Fathbdg%3DL1700&athbdg=L1700,$39.99,4.1 out of 5 Stars. 31 reviews
"TCL TDW40E20 Portable Home Dehumidifier, 40 Pints, 3,500 Square Feet, White",2R3GMUHAITBP,/ip/TCL-TDW40E20-Portable-Home-Dehumidifier-40-Pints-3-500-Square-Feet-White/372580614,From $129.99,4.3 out of 5 Stars. 47 reviews
"GENERAL ELECTRIC Energy Star 35-Pint Portable Dehumidifier, White, ADEL35LZ, Factory Refurbished",249SGYRQNMC0,/ip/GENERAL-ELECTRIC-Energy-Star-35-Pint-Portable-Dehumidifier-White-ADEL35LZ-Factory-Refurbished/172556509,$149.99,4.3 out of 5 Stars. 3 reviews
"DampRid Moisture Absorber FG60LV Lavendar 10.5-Ounce, 2-Pack, Lavender Vanilla, 21 oz",2STNIY19ZZOX,/ip/DampRid-Moisture-Absorber-FG60LV-Lavendar-10-5-Ounce-2-Pack-Lavender-Vanilla-21-oz/892620051,$18.85,
"COLZER 3,500 Sq. ft. Large Room Dehumidifiers for Basements 50 Pints with Drain Hose for Continuous Drainage",4BK3I4BMQ102,/ip/COLZER-3-500-Sq-ft-Large-Room-Dehumidifiers-for-Basements-50-Pints-with-Drain-Hose-for-Continuous-Drainage/651996504,$229.00,4.9 out of 5 Stars. 54 reviews
"Midea Cube 50-Pint Smart WiFi Dehumidifier with Pump, Coverage Up to 4,500 Sq. Ft.",4I4UO60ERJLZ,/ip/Midea-Cube-50-Pint-Smart-WiFi-Dehumidifier-with-Pump-Coverage-Up-to-4-500-Sq-Ft/419018252,$275.76,
Emerson Quiet Kool Dehumidifiers,54SGFBVR3CNQ,/ip/Emerson-Quiet-Kool-New-DOE-Standard-50-Pint-Dehumidifier-Old-DOE-Standard-70-Pint-for-Rooms-of-above-80-Humidity-EAD50E1H/879452572,From $171.93,4.9 out of 5 Stars. 7 reviews
"Midea 22-Pint Energy Star Smart Dry Dehumidifier, Factory Refurbished ",495XXS0IW3MB,https://wrd.walmart.com/track?rdf=1&adUid=aa1ad42a-2ee7-4b53-85a0-61fb8200c406&plmt=sp-browse-middle~desktop~&tax=1072864_133032_1231459_112918&pltfm=desktop&eventST=click&pgId=1072864_133032_1231459_112918&spQs=HagyV5F1DpY9JkcvTV8Iy_bxtVjycxGVgPQwieTYJ37gwW8TnAavBuiBbkuIeJRgQa12ALK7Hgts7Cce2jaggqcujEGp_WcKy44PRyR-bft79-zhUQXsDJooexa-OUaDTQgfxBr_QJ6CW8dFGJeXbTNRe7jPLaYeFU5Wsjo6-hw&storeId=3081&pt=browse&pos=11&bt=1&mloc=sp-browse-middle&bkt=2478&rd=https%3A%2F%2Fwww.walmart.com%2Fip%2FMidea-22-Pint-Energy-Star-Smart-Dry-Dehumidifier-Factory-Refurbished%2F288135705%3Fathbdg%3DL1600&athbdg=L1600,$127.87,5 out of 5 Stars. 1 reviews
AUZKIN 700ml Small Dehumidifiers with LED Light 2200 Cubic feet (215 Sq. ft) ,5EZPAIUMOUEZ,https://wrd.walmart.com/track?rdf=1&adUid=aa1ad42a-2ee7-4b53-85a0-61fb8200c406&plmt=sp-browse-middle~desktop~&tax=1072864_133032_1231459_112918&pltfm=desktop&eventST=click&pgId=1072864_133032_1231459_112918&spQs=mfWvQpzjDK-3WsBCFhgBbzV2D6DCZ63GvSecJJYtOTzomb4AGn-UPsctdkTGNMPudJmYE1tDa7ceag0NwbBbU2UkSCZkLPwI9r-1RYhkFWkKR-f2dmJiW3-9Kx6vKNqC6Qa32mWwkox8_Qc8FO6rwFAZ-il2LgS-0Uhj-dttZkE&storeId=3081&pt=browse&pos=12&bt=1&mloc=sp-browse-middle&bkt=2478&rd=https%3A%2F%2Fwww.walmart.com%2Fip%2FAUZKIN-700ml-Small-Dehumidifiers-with-LED-Light-2200-Cubic-feet-215-Sq-ft%2F831347236%3Fathbdg%3DL1700&athbdg=L1700,$35.99,4.4 out of 5 Stars. 19 reviews
AUZKIN 78oz 2300ml Dehumidifier for Home 4500 Cubic Feet 480 Sq ft Portable Ultra Quiet Dehumidifiers ,1B8EHH2FTWCH,/ip/AUZKIN-78oz-2300ml-Dehumidifier-for-Home-4500-Cubic-Feet-480-Sq-ft-Portable-Ultra-Quiet-Dehumidifiers/724843422?athbdg=L1700,$66.99,4.6 out of 5 Stars. 7 reviews
GE Portable Multispeed 20 Pint Electric Home Dehumidifier (Certified Refurbished) ,3V88U2OQ1MK2,/ip/GE-Portable-Multispeed-20-Pint-Electric-Home-Dehumidifier-Certified-Refurbished/715249550,$119.99,4 out of 5 Stars. 8 reviews
Crane 4 Pint Compact Portable Dehumidifier with 2 Settings for Small to Medium Rooms up to 300 sq. ft. ,2OW42RNDNF7W,/ip/Crane-4-Pint-Compact-Portable-Dehumidifier-with-2-Settings-for-Small-to-Medium-Rooms-up-to-300-sq-ft/730428030,$78.93,4.2 out of 5 Stars. 100 reviews
"Pohl Schmitt Electric Dehumidifiers for Home, 2200 Cubic Feet (225 sq ft) Portable Compact 17 oz Capacity Mini Quiet Dehumidifier for Bedroom, Bathroom, RV, Laundry Room or Closet ",5FA2R7KK4WUA,/ip/Pohl-Schmitt-Electric-Dehumidifiers-Home-2200-Cubic-Feet-225-sq-ft-Portable-Compact-17-oz-Capacity-Mini-Quiet-Dehumidifier-Bedroom-Bathroom-RV-Laundr/489215817?athbdg=L1700,$34.97,3.6 out of 5 Stars. 9 reviews
Whirlpool Dehumidifiers ,1XBPD6OZVIPY,/ip/Whirlpool-20-Pint-Portable-Dehumidifier-24-Hour-Timer-Auto-Shut-Off-Easy-Clean-Filter-Auto-Restart-Wheels-For-Bathrooms-Basements-Bedrooms-WHAD201CW/466843607,From $219.99,4.1 out of 5 Stars. 28 reviews
"hOmeLabs Commercial Dehumidifier - 140 PPD Capacity Dehumidifying Machine with Drain Hose, Pump and Washable Filter - Portable for Basements, Industrial Spaces, and Large Commercial Areas ",4YH9V3FXTLLV,/ip/hOmeLabs-Commercial-Dehumidifier-140-PPD-Capacity-Dehumidifying-Machine-Drain-Hose-Pump-Washable-Filter-Portable-Basements-Industrial-Spaces-Large-Ar/603824956?athbdg=L1700,$699.97,5 out of 5 Stars. 1 reviews
"Kesnos 50 Pints Dehumidifier, Home and Basements 3500 Sq. Ft Dehumidifier with Drain Hose, Removes Moisture, Auto Shut Off, Continuous and Manual Drainage ",6F9X6WFL1G2V,/ip/Kesnos-50-Pints-Dehumidifier-Home-Basements-3500-Sq-Ft-Dehumidifier-Drain-Hose-Removes-Moisture-Auto-Shut-Off-Continuous-Manual-Drainage/867512904?athbdg=L1400,$199.99,4.4 out of 5 Stars. 111 reviews
"Pro Breeze Electric Dehumidifier - 3.2 Pint Capacity, 2200 Cubic Feet (250 Sq ft) Mini Dehumidifiers for Home Office, Basement ",5RA6RWRZ5ORR,/ip/Pro-Breeze-Electric-Dehumidifier-3-2-Pint-Capacity-2200-Cubic-Feet-250-Sq-ft-Mini-Dehumidifiers-for-Home-Office-Basement/737492786,$64.99,
"Waykar 30 Pints Dehumidifier for Basement and Home with Drain Hose, Spaces up to 1700 Sq Ft, Moisture Remove ",3LU4EAGDIRHL,https://wrd.walmart.com/track?rdf=1&adUid=aa1ad42a-2ee7-4b53-85a0-61fb8200c406&plmt=sp-browse-middle~desktop~&tax=1072864_133032_1231459_112918&pltfm=desktop&eventST=click&pgId=1072864_133032_1231459_112918&spQs=EfPsXnIJ23s7ywBewoRVAX62udCmG_BXntrvtI6C0UOzikq0lmREYFcVsUQ-_88GrZ8inQiqI0149FUpIdxCUAy3UzyLO6Kt9v8H0b9EM1emZqcFLyAgYnJCS8E9xZli6z-GuFFFKfmHtYmG0qVJSnCsMuAWjtQHslD3glueGWg&storeId=3081&pt=browse&pos=22&bt=1&mloc=sp-browse-middle&bkt=2478&rd=https%3A%2F%2Fwww.walmart.com%2Fip%2FWaykar-30-Pints-Dehumidifier-for-Basement-and-Home-with-Drain-Hose-Spaces-up-to-1700-Sq-Ft-Moisture-Remove%2F410505447%3Fathbdg%3DL1700&athbdg=L1700,$179.99,4 out of 5 Stars. 146 reviews
"hOmeLabs 4,500 Sq. Ft Energy Star Dehumidifier for Extra Large Rooms and Basements ",2QL914V3XP0R,https://wrd.walmart.com/track?rdf=1&adUid=aa1ad42a-2ee7-4b53-85a0-61fb8200c406&plmt=sp-browse-middle~desktop~&tax=1072864_133032_1231459_112918&pltfm=desktop&eventST=click&pgId=1072864_133032_1231459_112918&spQs=i8QrdH1EgED_VkmLyg_IMuhYl524Vr8NM72QFcZiDtxCx54v5Di3kDWC2Vbt6q3rQAvmxJOjOGmoPaWOUC7SVyFVcurw5t2nUQPsYy5BW9NUBmIR4DkMeFobOc5uZifyTqx9TdzHb6D4BNcxlMeyeBP971-tnpQeW9j4jphK7J0&storeId=3081&pt=browse&pos=23&bt=1&mloc=sp-browse-middle&bkt=2478&rd=https%3A%2F%2Fwww.walmart.com%2Fip%2FhOmeLabs-4-500-Sq-Ft-Energy-Star-Dehumidifier-for-Extra-Large-Rooms-and-Basements%2F605416084%3Fathbdg%3DL1700&athbdg=L1700,$269.97,4.5 out of 5 Stars. 263 reviews
"Waykar 30 Pints 1500 Sq. Ft Dehumidifier for Home and Basements, with Continuous Drain Hose, Reusable Air Filter ",7GHP7M9G0OIV,/ip/Waykar-30-Pints-1500-Sq-Ft-Dehumidifier-for-Home-and-Basements-with-Continuous-Drain-Hose-Reusable-Air-Filter/578872853?athbdg=L1400,$157.99,4.4 out of 5 Stars. 27 reviews
"GENERAL ELECTRIC 30-Pint Portable Dehumidifier with Drain, White, Factory Reconditioned ",7678K5C3UWQS,/ip/GENERAL-ELECTRIC-30-Pint-Portable-Dehumidifier-with-Drain-White-Factory-Reconditioned/785573428,$159.99,
AUZKIN 1200ML Ultra Quiet Dehumidifier with Automatic Defrosting for Home 480 Sq ft ,3ELZFLYBSMIH,/ip/AUZKIN-1200ML-Ultra-Quiet-Dehumidifier-with-Automatic-Defrosting-for-Home-480-Sq-ft/459546254?athbdg=L1700,$42.99,5 out of 5 Stars. 14 reviews
AUZKIN Mini Air Dehumidifier (35oz 1000ml)for Home2200 Cubic Feet 300 Sq.ft ,3IYJT5Y1TRBQ,/ip/AUZKIN-Mini-Air-Dehumidifier-35oz-1000ml-for-Home-2200-Cubic-Feet-300-Sq-ft/855012232?athbdg=L1700,$42.99,5 out of 5 Stars. 7 reviews
Midea 35-Pint 115-Volt Smartdry Dehumidifier ,7HM7O8JOCI9S,/ip/Midea-35-Pint-115-Volt-Smartdry-Dehumidifier/686429441,$124.99,
MIDEA AMERICA CORP/IMPORT MDCDP-45AEN1-BB0 WP 45PT Dehumidifier ,6F1KJI2SWVNK,/ip/MIDEA-AMERICA-CORP-IMPORT-MDCDP-45AEN1-BB0-WP-45PT-Dehumidifier/602818220,$144.99,
"Eva-Dry EDV-1200 Powerful Ergonomic Dehumidifier. Lightweight, Stylish & Portable Moisture Absorber. Perfect Dehumifier for Living Rooms, Offices, Garages, Bedrooms & Bathrooms. ",159BYL26L88W,/ip/Eva-Dry-EDV-1200-Powerful-Ergonomic-Dehumidifier-Lightweight-Stylish-Portable-Moisture-Absorber-Perfect-Dehumifier-Living-Rooms-Offices-Garages-Bedro/342913137,$35.99,1 out of 5 Stars. 1 reviews
Shinco 30-Pint Dehumidifier for Medium Rooms and Basements ,11TWE1HS52FR,/ip/Shinco-30-Pint-Dehumidifier-for-Medium-Rooms-and-Basements/626753867,$139.00,
"Della 3000 Sq. Ft Wi-Fi Energy Star Dehumidifier for Home and Basement with Auto or Manual Drainage, 0.9 Gallon Water Tank Capacity ",77VRVUA731DS,https://wrd.walmart.com/track?rdf=1&adUid=aa1ad42a-2ee7-4b53-85a0-61fb8200c406&plmt=sp-browse-middle~desktop~&tax=1072864_133032_1231459_112918&pltfm=desktop&eventST=click&pgId=1072864_133032_1231459_112918&spQs=3dv3-E5ehzQJX2WH1h36zQHeTIB57UTXghEuM3L6SILvfAddOccGxULM5XnsjVr2we9oMCyyr6sfX2B7VwK5Gq9hjazB96gtZTTbJuL1eZQ03D-q1PIbUmS3Lx9BsI9DcSSYAZ3N7QuT64hT6h8gVCcl5JvU8yEaweUz4cvRpAE&storeId=3081&pt=browse&pos=32&bt=1&mloc=sp-browse-middle&bkt=2478&rd=https%3A%2F%2Fwww.walmart.com%2Fip%2FDella-3000-Sq-Ft-Wi-Fi-Energy-Star-Dehumidifier-for-Home-and-Basement-with-Auto-or-Manual-Drainage-0-9-Gallon-Water-Tank-Capacity%2F206416933%3Fathbdg%3DL1600&athbdg=L1600,$189.96,4.2 out of 5 Stars. 21 reviews
"Midea 50-Pint EnergyStar Dehumidifier for Wet Rooms with Pump, MAD50P1ZWS ",6YLJOI14DL8P,https://wrd.walmart.com/track?rdf=1&adUid=aa1ad42a-2ee7-4b53-85a0-61fb8200c406&plmt=sp-browse-middle~desktop~&tax=1072864_133032_1231459_112918&pltfm=desktop&eventST=click&pgId=1072864_133032_1231459_112918&spQs=yGmCFLkoIp2puXkrhIgQtjDcnDNc8wetx4uRYAEaNDxFkF-RAWDD-OGeyR9C25u1EPwiw2kksnSxAXDPknVX_q8lfuVI3-92Stl77ynSzQeDE0GsDtEJ2xZFklSwFEbtvGV_qQTSLXTEylA57jcD9rkD24OTAcHRJlww3V8lc1Y&storeId=3081&pt=browse&pos=33&bt=1&mloc=sp-browse-middle&bkt=2478&rd=https%3A%2F%2Fwww.walmart.com%2Fip%2FMidea-50-Pint-EnergyStar-Dehumidifier-for-Wet-Rooms-with-Pump-MAD50P1ZWS%2F183627460&/ip/Midea-50-Pint-EnergyStar-Dehumidifier-for-Wet-Rooms-with-Pump-MAD50P1ZWS/183627460,$198.00,4.4 out of 5 Stars. 57 reviews
"Arctic King 35 Pint Energy Star Dehumidifier for Very Damp Rooms, WDK35AE1N ",6B74FAB2VGRM,/ip/Arctic-King-35-Pint-Energy-Star-Dehumidifier-for-Very-Damp-Rooms-WDK35AE1N/984425529,$199.00,4.2 out of 5 Stars. 192 reviews
"TaoTronics 50 Pint Dehumidifier with Pump 4,500 Sq. Ft ",6OPO86TR5PRD,/ip/TaoTronics-50-Pint-Dehumidifier-with-Pump-4-500-Sq-Ft/989466682?athbdg=L1900,$249.99,5 out of 5 Stars. 459 reviews
"Honeywell TP30WKN 30 Pint Energy Star Dehumidifier for Small Basements & Crawl Spaces with Mirage Display, Washable Filter to Remove Odor & Filter Change Alert ",4ZRORBA3OXC2,/ip/Honeywell-TP30WKN-30-Pint-Energy-Star-Dehumidifier-Small-Basements-Crawl-Spaces-Mirage-Display-Washable-Filter-Remove-Odor-Change-Alert/430099042,$221.76,4.6 out of 5 Stars. 20 reviews
"GENERAL ELECTRIC 22 Pint Energy Star Portable Dehumidifier with Smart Dry for Damp Spaces, Factory Refurbished ",783KT3J62PJ8,/ip/GENERAL-ELECTRIC-22-Pint-Energy-Star-Portable-Dehumidifier-with-Smart-Dry-for-Damp-Spaces-Factory-Refurbished/830422083,$129.99,
"Vremi 22 Pint 1,500 Sq. Ft. Dehumidifier Energy Star Rated for Medium Spaces and Basements ",3HU4RYG2FWK5,/ip/Vremi-22-Pint-1-500-Sq-Ft-Dehumidifier-Energy-Star-Rated-for-Medium-Spaces-and-Basements/601764123?athbdg=L1700,From $144.97,4.8 out of 5 Stars. 44 reviews
Negative Ion Dehumidifier Home Dehumidification Machine Moisture Drying 220V 65W ,18BJY12AZKY5,/ip/Negative-Ion-Dehumidifier-Home-Dehumidification-Machine-Moisture-Drying-220V-65W/767560476?athbdg=L1700,$93.99,
Dri-Eaz PHD 200 Dehumidifier ,6F051O3E3QPV,/ip/Dri-Eaz-PHD-200-Dehumidifier/616128392,"$1,346.00",5 out of 5 Stars. 1 reviews
"Waykar 34 Pints Dehumidifier for Basement and Home with Drain Hose, Spaces up to 2000 Sq Ft, with Auto or Manual Drainage, 0.66 Gallon Water Tank Capacity ",30YCDJ6FAB7L,/ip/Waykar-34-Pints-Dehumidifier-Basement-Home-Drain-Hose-Spaces-2000-Sq-Ft-Auto-Manual-Drainage-0-66-Gallon-Water-Tank-Capacity/973970225?athbdg=L1700,$169.99,3.3 out of 5 Stars. 3 reviews
AUZKIN 35oz 1000ml Quiet and Portable Dehumidifer with 7 Color LED Light White ,4K28FPZPW94K,/ip/AUZKIN-35oz-1000ml-Quiet-and-Portable-Dehumidifer-with-7-Color-LED-Light-White/982806564,$48.97,
"Waykar 34 Pints Dehumidifier for Basements and Home With Drain Hose, Spaces up to 2000 Sq Ft, 0.66 Gallon Water Tank Capacity, White ",35HU18TNH6OY,/ip/Waykar-34-Pints-Dehumidifier-for-Basements-and-Home-With-Drain-Hose-Spaces-up-to-2000-Sq-Ft-0-66-Gallon-Water-Tank-Capacity-White/956742815?athbdg=L1700,$169.99,4.3 out of 5 Stars. 139 reviews
Eva-dry E-333 Renewable Mini Dehumidifier ,73D1MZ2DWLVR,/ip/Eva-dry-E-333-Renewable-Mini-Dehumidifier/22193938,$23.47,3.7 out of 5 Stars. 23 reviews
"Electric Dehumidifier Portable Mini Air Dehumidifier with Auto Shut Off, Quiet Air DeHumidifier for Home, Bathroom, Kitchen, Office ",0SZQITAX7JLX,/ip/Electric-Dehumidifier-Portable-Mini-Air-Dehumidifier-with-Auto-Shut-Off-Quiet-Air-DeHumidifier-for-Home-Bathroom-Kitchen-Office/561802200,$36.90,4.6 out of 5 Stars. 107 reviews
"GENERAL ELECTRIC 8,500-BTU Portable AC with Heat, Dehumidifier, and Remote, Factory Refurbished ",2UVK848ALQHU,/ip/GENERAL-ELECTRIC-8-500-BTU-Portable-AC-with-Heat-Dehumidifier-and-Remote-Factory-Refurbished/789470842,$389.99,
"Dehumidifier,700ml Large Tank Compact Small Auto Min Dehumidifier up to 215 Square Feet per Day Ultra Quiet Lightweight Portable Dehumidifier for Small Rooms Bathroom,Bedroom,Wardrobe Room,Closet ",20796ISLSHX4,/ip/Dehumidifier-700ml-Large-Tank-Compact-Small-Auto-Min-Dehumidifier-215-Square-Feet-per-Day-Ultra-Quiet-Lightweight-Portable-Rooms-Bathroom-Bedroom-War/365693411?athbdg=L1700,$70.99,4.3 out of 5 Stars. 8 reviews
"Della 3000 Sq. Ft Wi-Fi Energy Star Dehumidifier for Home and Basement with Auto or Manual Drainage, 0.9 Gallon Water Tank Capacity ",77VRVUA731DS,/ip/Della-3000-Sq-Ft-Wi-Fi-Energy-Star-Dehumidifier-for-Home-and-Basement-with-Auto-or-Manual-Drainage-0-9-Gallon-Water-Tank-Capacity/206416933?athbdg=L1600,$189.96,4.2 out of 5 Stars. 21 reviews
"GENERAL ELECTRIC 20-Pint Portable Dehumidifier with Drain, White, Factory Reconditioned ",1V6O4BW2WL1P,/ip/GENERAL-ELECTRIC-20-Pint-Portable-Dehumidifier-with-Drain-White-Factory-Reconditioned/691279273,$172.83,4.6 out of 5 Stars. 8 reviews
"Tbest 700ml Compact Auto Min Dehumidifier Ultra Quiet Lightweight Portable Dehumidifier for Small Rooms Bathroom, Bedroom, Wardrobe Room, Closet ",1J06MM6CSWW3,/ip/Tbest-700ml-Compact-Auto-Min-Dehumidifier-Ultra-Quiet-Lightweight-Portable-Dehumidifier-for-Small-Rooms-Bathroom-Bedroom-Wardrobe-Room-Closet/285954874,$68.52,4.4 out of 5 Stars. 13 reviews
Yaufey 70 Pints 4500 Sq. Ft Home Dehumidifier for Basements and Extra Large Rooms with Drain Hose Outlet and Two Continuous Drainage Modes Efficiently Removes Moisture ,370TAU106UQG,/ip/Yaufey-70-Pints-4500-Sq-Ft-Home-Dehumidifier-Basements-Extra-Large-Rooms-Drain-Hose-Outlet-Two-Continuous-Drainage-Modes-Efficiently-Removes-Moisture/818879306?athbdg=L1700,$269.99,4.4 out of 5 Stars. 51 reviews
"50 pint Dehumidifier 4,500 Sq. ft High Humidity Large Rooms, or Basements, Cooper&Hunter",3RGN162MEN5Z,https://wrd.walmart.com/track?rdf=1&adUid=20ee9d20-1b02-403f-a7ff-a3e95a96b842&plmt=sp-browse-middle~desktop~&tax=1072864_133032_1231459_112918&pltfm=desktop&eventST=click&pgId=1072864_133032_1231459_112918&spQs=m_2YQC7HtIf0Oqohqm6NlJfbLKCqmzBivvmLhcvPIOu9HIgKyt0PZrQdWQfib_Quj81tvkKqgrFuJdUw6Qi7NZ8enTWUuP66fcic75_nzR1RlbtoOTlk4i0dsyqIiMC-olZPyiEwdFoILjTAC4bdOjLKeYKudMtB1RkXWPoC8HQ&storeId=3081&pt=browse&pos=1&bt=1&mloc=sp-browse-middle&bkt=2478&rd=https%3A%2F%2Fwww.walmart.com%2Fip%2F50-pint-Dehumidifier-4-500-Sq-ft-High-Humidity-Large-Rooms-or-Basements-Cooper-Hunter%2F370321486%3Fathbdg%3DL1400&athbdg=L1400,$199.00,
"TACKLIFE Home Dehumidifiers 35 Pints For 3000 Sq. ft Room, Large Removal with Water Bucket & Continuous Drain Hose for Self-Draining, Ideal for Basement(38°F), Bedroom, Bathroom | TKD350",6F1H0SUE096Q,https://wrd.walmart.com/track?rdf=1&adUid=20ee9d20-1b02-403f-a7ff-a3e95a96b842&plmt=sp-browse-middle~desktop~&tax=1072864_133032_1231459_112918&pltfm=desktop&eventST=click&pgId=1072864_133032_1231459_112918&spQs=2iIoF_rX22ObvlVPCQsuYhiORL4CCm7gcD11uKEDYNN16yHbvjO63m2gndBUr38Rd1toSfdCjrHs6jJMOqaRbpzuScx7kgTAnEi6-mYydaMXUVCiU_JLHH0L__eOwicGqZyWSEskboVb5vxFDGtF4HcEDJ9IJeK1uKR4PlDmcoU&storeId=3081&pt=browse&pos=2&bt=1&mloc=sp-browse-middle&bkt=2478&rd=https%3A%2F%2Fwww.walmart.com%2Fip%2FTACKLIFE-Home-Dehumidifiers-35-Pints-For-3000-Sq-ft-Room-Large-Removal-Water-Bucket-Continuous-Drain-Hose-Self-Draining-Ideal-Basement-38-F-Bedroom-B%2F455059422%3Fathbdg%3DL1700&athbdg=L1700,$174.99,5 out of 5 Stars. 1 reviews
"Waykar 70 Pints Dehumidifier for Basement and Home with Drain Hose, Spaces up to 4500 Sq Ft, Removes 9 Gallons Moisture/Day, 1.18 Gallons Water Tank and Four Air Outlets",30VG1S754JKH,https://wrd.walmart.com/track?rdf=1&adUid=20ee9d20-1b02-403f-a7ff-a3e95a96b842&plmt=sp-browse-middle~desktop~&tax=1072864_133032_1231459_112918&pltfm=desktop&eventST=click&pgId=1072864_133032_1231459_112918&spQs=Ev6TThKxqma-yCSk7qDxJH62udCmG_BXntrvtI6C0UOzikq0lmREYFcVsUQ-_88GrZ8inQiqI0149FUpIdxCUHGQhCY3jsUAMgwfkVAZKFqjd8mXrauGFcVnXhlcd6LuO0HVaZforTzilqzpo1nTOBpEf-8TbVfOd6ye6iH_NeQ&storeId=3081&pt=browse&pos=3&bt=1&mloc=sp-browse-middle&bkt=2478&rd=https%3A%2F%2Fwww.walmart.com%2Fip%2FWaykar-70-Pints-Dehumidifier-Basement-Home-Drain-Hose-Spaces-4500-Sq-Ft-Removes-9-Gallons-Moisture-Day-1-18-Water-Tank-Four-Air-Outlets%2F346744009%3Fathbdg%3DL1700&athbdg=L1700,$259.99,5 out of 5 Stars. 668 reviews
ALROCKET 5-Pint Dehumidifier Portable and Ultra Quiet with Automatic Defrosting for Home 1000ML(2200 Cubic Feet),70C6MU9I6MLG,https://wrd.walmart.com/track?rdf=1&adUid=20ee9d20-1b02-403f-a7ff-a3e95a96b842&plmt=sp-browse-middle~desktop~&tax=1072864_133032_1231459_112918&pltfm=desktop&eventST=click&pgId=1072864_133032_1231459_112918&spQs=wX7n3h6V6cVlaX5_XNGmdyoa4ppagp72SrQFTSgNA4Iu3i0szoVKynUPfFfQCPsGpY7wOT0mAJC5FdDsBSUREdlZF_bEpEryoEI9cKcFSVOmZqcFLyAgYnJCS8E9xZlisNU1IpV2TnHpfsjF0HNcUPB7eqF2mS8r2rRJKhbLt1k&storeId=3081&pt=browse&pos=4&bt=1&mloc=sp-browse-middle&bkt=2478&rd=https%3A%2F%2Fwww.walmart.com%2Fip%2FALROCKET-5-Pint-Dehumidifier-Portable-and-Ultra-Quiet-with-Automatic-Defrosting-for-Home-1000ML-2200-Cubic-Feet%2F386190834%3Fathbdg%3DL1700&athbdg=L1700,$39.99,4.1 out of 5 Stars. 31 reviews
Kloudic 750 ml Compact Dehumidifier with Removable Water Tank 215 Sq ft Black CS03,1OR5V2R4VP5W,/ip/Kloudic-750-ml-Compact-Dehumidifier-with-Removable-Water-Tank-215-Sq-ft-Black-CS03/453962630,$39.99,5 out of 5 Stars. 4 reviews
Soleus Dehumidifiers,1PQ18Y7269S9,/ip/SoleusAir-AC-25-Pint-Energy-Star-Rated-Dehumidifier-with-Mirage-Display-and-Tri-Pat-Safety-Technology/937369614,From $167.53,5 out of 5 Stars. 1 reviews
"Ensue 14,000 BTU Portable Air Conditioner LCD Display Dehumidifier Heater with Remote Control, White",2TT53ZVBSURO,/ip/Ensue-14-000-BTU-Portable-Air-Conditioner-LCD-Display-Dehumidifier-Heater-with-Remote-Control-White/766741656?athbdg=L1400,$529.95,2 out of 5 Stars. 1 reviews
"Perfect Aire 1PFD35 35 Pint Energy Star Dehumidifier for Medium to Large Spaces with Direct to Drain, Continuous Operation Option Removes, Prevents Moisture and Allergens",7K6SATMOG5NQ,/ip/Perfect-Aire-1PFD35-35-Pint-Energy-Star-Dehumidifier-Medium-Large-Spaces-Direct-Drain-Continuous-Operation-Option-Removes-Prevents-Moisture-Allergens/510526493?athbdg=L1400,$303.25,
"Pure Enrichment PureDry Mini Dehumidifier - Compact Water Tank Eliminates 300ml/day in Excess Moisture from Closets, Bathrooms, Boats, Kitchens and Other Small Rooms and Living Spaces",11HQ5ZL14ZIJ,/ip/Pure-Enrichment-PureDry-Mini-Dehumidifier-Compact-Water-Tank-Eliminates-300ml-day-Excess-Moisture-Closets-Bathrooms-Boats-Kitchens-Other-Small-Rooms-/489590125?athbdg=L1700,$59.99,4.3 out of 5 Stars. 38 reviews
Frigidaire High Efficiency 50 Pint Dehumidifier with Wi-Fi Controls,4ZMRJC92EMSL,/ip/Frigidaire-High-Efficiency-50-Pint-Dehumidifier-with-Wi-Fi-Controls/400443830,$399.00,4.5 out of 5 Stars. 196 reviews
"Midea 22-Pint Energy Star Smart Dry Dehumidifier, Factory Refurbished ",495XXS0IW3MB,https://wrd.walmart.com/track?rdf=1&adUid=20ee9d20-1b02-403f-a7ff-a3e95a96b842&plmt=sp-browse-middle~desktop~&tax=1072864_133032_1231459_112918&pltfm=desktop&eventST=click&pgId=1072864_133032_1231459_112918&spQs=HagyV5F1DpY9JkcvTV8Iy_bxtVjycxGVgPQwieTYJ37gwW8TnAavBuiBbkuIeJRgxY3ZYBAEv5ehwug0Qo6Uu9DfyLi6slQdRD7XrmR1i0F79-zhUQXsDJooexa-OUaDTQgfxBr_QJ6CW8dFGJeXbTNRe7jPLaYeFU5Wsjo6-hw&storeId=3081&pt=browse&pos=11&bt=1&mloc=sp-browse-middle&bkt=2478&rd=https%3A%2F%2Fwww.walmart.com%2Fip%2FMidea-22-Pint-Energy-Star-Smart-Dry-Dehumidifier-Factory-Refurbished%2F288135705%3Fathbdg%3DL1600&athbdg=L1600,$127.87,5 out of 5 Stars. 1 reviews
AUZKIN 700ml Small Dehumidifiers with LED Light 2200 Cubic feet (215 Sq. ft) ,5EZPAIUMOUEZ,https://wrd.walmart.com/track?rdf=1&adUid=20ee9d20-1b02-403f-a7ff-a3e95a96b842&plmt=sp-browse-middle~desktop~&tax=1072864_133032_1231459_112918&pltfm=desktop&eventST=click&pgId=1072864_133032_1231459_112918&spQs=mfWvQpzjDK-3WsBCFhgBbzV2D6DCZ63GvSecJJYtOTzomb4AGn-UPsctdkTGNMPudJmYE1tDa7ceag0NwbBbU_4MlTKSrzQizj3sOCzG3ZYKR-f2dmJiW3-9Kx6vKNqC6Qa32mWwkox8_Qc8FO6rwFAZ-il2LgS-0Uhj-dttZkE&storeId=3081&pt=browse&pos=12&bt=1&mloc=sp-browse-middle&bkt=2478&rd=https%3A%2F%2Fwww.walmart.com%2Fip%2FAUZKIN-700ml-Small-Dehumidifiers-with-LED-Light-2200-Cubic-feet-215-Sq-ft%2F831347236%3Fathbdg%3DL1700&athbdg=L1700,$35.99,4.4 out of 5 Stars. 19 reviews
"Pro Breeze Electric Mini Dehumidifier, 1200 Cubic Feet (150 Sq Ft), Compact And Portable For High Humidity In Home, Kitchen, Bedroom, Bathroom, Basement, Caravan, Office, Rv, Garage With Auto Shut Off ",0YO6SAY8TVDW,/ip/Pro-Breeze-Electric-Mini-Dehumidifier-1200-Cubic-Feet-150-Sq-Ft-Compact-And-Portable-For-High-Humidity-In-Home-Kitchen-Bedroom-Bathroom-Basement-Cara/112185848,$70.10,
Honeywell Dehumidifiers with Pump ,1KJB5L3RQJCG,/ip/Honeywell-35-Pint-Energy-Star-Dehumidifier-with-Built-In-Drain-Pump-5-Year-Warranty/406678895,From $289.99,3.8 out of 5 Stars. 4 reviews
Lockdown Automatic Dehumidifier ,6U4CADS65E0Z,/ip/Lockdown-Automatic-Dehumidifier/756485192,$115.94,3 out of 5 Stars. 3 reviews
Costway 24 Pints 1500 Sq. Ft Portable Dehumidifier For Medium To Large Spaces ,70R2IYUPWXTS,/ip/Costway-24-Pints-1500-Sq-Ft-Portable-Dehumidifier-For-Medium-To-Large-Spaces/929079042?athbdg=L1700,$149.99,4.5 out of 5 Stars. 50 reviews
"Kesnos 70 Pint Dehumidifiers for Basement and Home with Drain Hose, Spaces up to 4500 Sq Ft, 2m Hose, White ",6OMOU9EAODHJ,/ip/Kesnos-70-Pint-Dehumidifiers-for-Basement-and-Home-with-Drain-Hose-Spaces-up-to-4500-Sq-Ft-2m-Hose-White/644546313?athbdg=L1400,$259.99,4.8 out of 5 Stars. 175 reviews
Lockdown Compact Automatic Dehumidifier ,3LAXXSVO7F6S,/ip/Lockdown-Compact-Automatic-Dehumidifier/888197489,$88.40,4.8 out of 5 Stars. 4 reviews
"Pohl+Schmitt 2000 Sq Ft Cube Dehumidifier - 20 Pint Energy Star Portable Dehumidifier  Low Noise, Smart Humidity Control, and LED Control Panel with Lift and Twist Design ",0XCIUSPO5GY8,/ip/Pohl-Schmitt-2000-Sq-Ft-Cube-Dehumidifier-20-Pint-Energy-Star-Portable-Low-Noise-Smart-Humidity-Control-LED-Control-Panel-Lift-Twist-Design/539833808?athbdg=L1700,From $149.97,
Aprilaire 76 Digital Dehumidifier External Control For Select Models ,2VDE6P4B3QXH,/ip/Aprilaire-76-Digital-Dehumidifier-External-Control-For-Select-Models/623988545,$143.56,
"Waykar 30 Pints Dehumidifier for Basement and Home with Drain Hose, Spaces up to 1700 Sq Ft, Moisture Remove ",3LU4EAGDIRHL,https://wrd.walmart.com/track?rdf=1&adUid=20ee9d20-1b02-403f-a7ff-a3e95a96b842&plmt=sp-browse-middle~desktop~&tax=1072864_133032_1231459_112918&pltfm=desktop&eventST=click&pgId=1072864_133032_1231459_112918&spQs=EfPsXnIJ23s7ywBewoRVAX62udCmG_BXntrvtI6C0UOzikq0lmREYFcVsUQ-_88GrZ8inQiqI0149FUpIdxCUHGQhCY3jsUAMgwfkVAZKFqmZqcFLyAgYnJCS8E9xZli6z-GuFFFKfmHtYmG0qVJSnCsMuAWjtQHslD3glueGWg&storeId=3081&pt=browse&pos=22&bt=1&mloc=sp-browse-middle&bkt=2478&rd=https%3A%2F%2Fwww.walmart.com%2Fip%2FWaykar-30-Pints-Dehumidifier-for-Basement-and-Home-with-Drain-Hose-Spaces-up-to-1700-Sq-Ft-Moisture-Remove%2F410505447%3Fathbdg%3DL1700&athbdg=L1700,$179.99,4 out of 5 Stars. 146 reviews
"hOmeLabs 4,500 Sq. Ft Energy Star Dehumidifier for Extra Large Rooms and Basements ",2QL914V3XP0R,https://wrd.walmart.com/track?rdf=1&adUid=20ee9d20-1b02-403f-a7ff-a3e95a96b842&plmt=sp-browse-middle~desktop~&tax=1072864_133032_1231459_112918&pltfm=desktop&eventST=click&pgId=1072864_133032_1231459_112918&spQs=i8QrdH1EgED_VkmLyg_IMuhYl524Vr8NM72QFcZiDtxCx54v5Di3kDWC2Vbt6q3rAac3csAesaypwvL6R4lj94qIZWYLhv8U0vDs9I-F4IpUBmIR4DkMeFobOc5uZifyTqx9TdzHb6D4BNcxlMeyeBP971-tnpQeW9j4jphK7J0&storeId=3081&pt=browse&pos=23&bt=1&mloc=sp-browse-middle&bkt=2478&rd=https%3A%2F%2Fwww.walmart.com%2Fip%2FhOmeLabs-4-500-Sq-Ft-Energy-Star-Dehumidifier-for-Extra-Large-Rooms-and-Basements%2F605416084%3Fathbdg%3DL1700&athbdg=L1700,$269.97,4.5 out of 5 Stars. 263 reviews
Keystone Dehumidifier with Electronic Controls ,5FWGSU0YJ1VD,/ip/Energy-Star-Keystone-35-Pint-Dehumidifier-Moisture-Removal-3-000-Sq-Ft-LED-Display-24H-Timer-Portable-Wheels-Auto-Shutoff-For-Basement-Garage-Living-/815603104,From $179.99,3.9 out of 5 Stars. 41 reviews
"ALORAIR Remote Controller for Sentinel HD55 HD90 HDi90 SLGR 1400X Dehumidifier,White ",73UPIQO4A7MX,/ip/ALORAIR-Remote-Controller-for-Sentinel-HD55-HD90-HDi90-SLGR-1400X-Dehumidifier-White/569884015,$100.00,
Perfect Aire 8 Pint Compact Dehumidifier ,25HE37UZNYW8,/ip/Perfect-Aire-8-Pint-Compact-Dehumidifier/736174998,$149.80,
"Royal Sovereign 65 Pint Bucketless Dehumidifier, Black - Refurbished ",32YDXCMD5EAT,/ip/Royal-Sovereign-65-Pint-Bucketless-Dehumidifier-Black-Refurbished/271177952,$116.00,1 out of 5 Stars. 2 reviews
Costway 24 Pints 1500 Sq. Ft Portable Dehumidifier For Medium To Large Spaces ,5S1O2RHTBWO6,/ip/Costway-24-Pints-1500-Sq-Ft-Portable-Dehumidifier-For-Medium-To-Large-Spaces/690606728?athbdg=L1700,$149.99,5 out of 5 Stars. 2 reviews
"Waykar 155 Pint Commercial Dehumidifier for Basement and Home with Drain Hose, Black, Crawl Spaces, Whole Homes ",50UN20VPFUGA,/ip/Waykar-155-Pint-Commercial-Dehumidifier-for-Basement-and-Home-with-Drain-Hose-Black-Crawl-Spaces-Whole-Homes/774064878?athbdg=L1400,$629.99,4.4 out of 5 Stars. 58 reviews
Gymax 3-in 1 Portable Air Conditioner Cooler Fan Dehumidifier 8000BTU w/ Wheels ,357ELP8664TE,/ip/Gymax-3-in-1-Portable-Air-Conditioner-Cooler-Fan-Dehumidifier-8000BTU-w-Wheels/966894863?athbdg=L1700,$309.99,5 out of 5 Stars. 2 reviews
"Tenergy Sorbi 1000ml Air Dehumidifier w/Air Purifying Function, True HEPA Filter, Auto Shutoff, Touch Control Adjustable Air Speed, Ultra-Quiet Allergies Eliminator, Ideal for Closets and Bathrooms ",3SUZ89DQXD35,/ip/Tenergy-Sorbi-1000ml-Air-Dehumidifier-w-Air-Purifying-Function-True-HEPA-Filter-Auto-Shutoff-Touch-Control-Adjustable-Speed-Ultra-Quiet-Allergies-Eli/512783570,$89.99,3 out of 5 Stars. 2 reviews
"Della 3000 Sq. Ft Wi-Fi Energy Star Dehumidifier for Home and Basement with Auto or Manual Drainage, 0.9 Gallon Water Tank Capacity ",77VRVUA731DS,https://wrd.walmart.com/track?rdf=1&adUid=20ee9d20-1b02-403f-a7ff-a3e95a96b842&plmt=sp-browse-middle~desktop~&tax=1072864_133032_1231459_112918&pltfm=desktop&eventST=click&pgId=1072864_133032_1231459_112918&spQs=3dv3-E5ehzQJX2WH1h36zQHeTIB57UTXghEuM3L6SILvfAddOccGxULM5XnsjVr2ynbvmh6qrywT4O7g0e1_P-dGjV2nAyIkh8GHvJsf9-803D-q1PIbUmS3Lx9BsI9DcSSYAZ3N7QuT64hT6h8gVCcl5JvU8yEaweUz4cvRpAE&storeId=3081&pt=browse&pos=32&bt=1&mloc=sp-browse-middle&bkt=2478&rd=https%3A%2F%2Fwww.walmart.com%2Fip%2FDella-3000-Sq-Ft-Wi-Fi-Energy-Star-Dehumidifier-for-Home-and-Basement-with-Auto-or-Manual-Drainage-0-9-Gallon-Water-Tank-Capacity%2F206416933%3Fathbdg%3DL1600&athbdg=L1600,$189.96,4.2 out of 5 Stars. 21 reviews
"Midea 50-Pint EnergyStar Dehumidifier for Wet Rooms with Pump, MAD50P1ZWS ",6YLJOI14DL8P,https://wrd.walmart.com/track?rdf=1&adUid=20ee9d20-1b02-403f-a7ff-a3e95a96b842&plmt=sp-browse-middle~desktop~&tax=1072864_133032_1231459_112918&pltfm=desktop&eventST=click&pgId=1072864_133032_1231459_112918&spQs=yGmCFLkoIp2puXkrhIgQtjDcnDNc8wetx4uRYAEaNDxFkF-RAWDD-OGeyR9C25u1BYZHght8_BlHo4-jq7cIcEsKl6RcsYfOJGT83o2yF4KDE0GsDtEJ2xZFklSwFEbtvGV_qQTSLXTEylA57jcD9rkD24OTAcHRJlww3V8lc1Y&storeId=3081&pt=browse&pos=33&bt=1&mloc=sp-browse-middle&bkt=2478&rd=https%3A%2F%2Fwww.walmart.com%2Fip%2FMidea-50-Pint-EnergyStar-Dehumidifier-for-Wet-Rooms-with-Pump-MAD50P1ZWS%2F183627460&/ip/Midea-50-Pint-EnergyStar-Dehumidifier-for-Wet-Rooms-with-Pump-MAD50P1ZWS/183627460,$198.00,4.4 out of 5 Stars. 57 reviews
"BLACK+DECKER 30 Pint Portable Dehumidifier, White ",62GPI91P7OE8,/ip/BLACK-DECKER-30-Pint-Portable-Dehumidifier-White/181496398,$189.00,4.1 out of 5 Stars. 11 reviews
"Camco Moisture Absorber Refillable Container - Absorbs Up to 3x Its Weight in Water, Reduces Moisture and Humidity in Offices, Closets, Bathrooms, Kitchens, Boats, RVs and More - 10.5 oz (44280) ",0T1VYS1D5V62,/ip/Camco-Moisture-Absorber-Refillable-Container-Absorbs-Up-3x-Its-Weight-Water-Reduces-Humidity-Offices-Closets-Bathrooms-Kitchens-Boats-RVs-More-10-5-o/979209012,$7.10,4.2 out of 5 Stars. 6 reviews
"ORFELD Dehumidifier, 30oz 860ml Dehumidifiers, 2200 Cubic Feet 240 Sq. Ft Portable Quiet Dehumidifier with 7 Colors LED Light for Basements, Bathroom, Bedroom ",33K8MTDWRVL1,/ip/ORFELD-Dehumidifier-30oz-860ml-Dehumidifiers-2200-Cubic-Feet-240-Sq-Ft-Portable-Quiet-Dehumidifier-7-Colors-LED-Light-Basements-Bathroom-Bedroom/644186284?athbdg=L1700,$49.99,4.8 out of 5 Stars. 108 reviews
Factory Refurbished - InvisiPure Hydrowave Dehumidifier ,579UGOAX2YXF,/ip/Factory-Refurbished-InvisiPure-Hydrowave-Dehumidifier/420456874,$49.95,
"Shinco 1,500 Sq. Ft. Dehumidifier, Energy Star Rated, for Medium Rooms and Basements, Continuous Gravity Drain, with Wheels, Quietly Remove Moisture Medium - (30 Pint) ",4280SNVEL6S1,/ip/Shinco-1-500-Sq-Ft-Dehumidifier-Energy-Star-Rated-Medium-Rooms-Basements-Continuous-Gravity-Drain-Wheels-Quietly-Remove-Moisture-30-Pint/726439686,$169.99,
Vremi 1 Pint Compact Portable Dehumidifier ,3NIG49DPA4FL,/ip/Vremi-1-Pint-Compact-Portable-Dehumidifier/842493145?athbdg=L1700,$49.97,5 out of 5 Stars. 1 reviews
"Pureguardian Dehumidifier for Allergen and Odor Control, Space-Saving, DH201WCA, White ",6486VNA102O2,/ip/Pureguardian-Dehumidifier-for-Allergen-and-Odor-Control-Space-Saving-DH201WCA-White/55444599,$67.99,3.6 out of 5 Stars. 15 reviews
"TOSOT 4,500 Sq Ft Energy Star Dehumidifier for Home, Basement, Bedroom or Bathroom, Super Quiet 50 Pint-2019 DOE (Previous 70 Pint) ",5YFQ1M87YYJL,/ip/TOSOT-4-500-Sq-Ft-Energy-Star-Dehumidifier-for-Home-Basement-Bedroom-or-Bathroom-Super-Quiet-50-Pint-2019-DOE-Previous-70-Pint/253197630,From $179.99,4.9 out of 5 Stars. 135 reviews
"Honati Small Dehumidifier 22oz (162 Sq.ft) for Bathroom Kitchen Office Wardrobe nd Closet, Ultra-Quiet Mute Mini Lightweight Portable Dehumidifiers with Auto Shut Off Low Power, 600ml, 23W ",1X6C13IOG051,/ip/Honati-Small-Dehumidifier-22oz-162-Sq-ft-Bathroom-Kitchen-Office-Wardrobe-nd-Closet-Ultra-Quiet-Mute-Mini-Lightweight-Portable-Dehumidifiers-Auto-Shu/222341931?athbdg=L1700,$41.75,5 out of 5 Stars. 16 reviews
"SOTHING Mini Air Dehumidifier, Portable Rechargeable Air Dryer 150 ml ",71NY6BZ8JF9D,/ip/SOTHING-Mini-Air-Dehumidifier-Portable-Rechargeable-Air-Dryer-150-ml/716629929,$23.99,
Perfect Aire 645 sq. ft. 50 pt. Dehumidifier ,5HBMYGFJ287C,/ip/Perfect-Aire-645-sq-ft-50-pt-Dehumidifier/124364986,$272.99,
airBOSS Anywhere Dehumidifier Mini Dehumidifier & Moisture Absorber 10.6 Oz ,1O5P7YSTKSG9,/ip/airBOSS-Anywhere-Dehumidifier-Mini-Dehumidifier-Moisture-Absorber-10-6-Oz/49430483,$10.58,4.3 out of 5 Stars. 4 reviews
"WALFRONT 700ml Ultra Quiet Portable Air Dehumidifier Dehumidifier Moisture Absorber for Bedroom Kitchen, Air Dehumidifier, Renewable Dehumidifier ",2ZITU8C665WX,/ip/WALFRONT-700ml-Ultra-Quiet-Portable-Air-Dehumidifier-Dehumidifier-Moisture-Absorber-for-Bedroom-Kitchen-Air-Dehumidifier-Renewable-Dehumidifier/943585278,$70.01,5 out of 5 Stars. 2 reviews
Kloudic 1 L Portable and Quiet Dehumidifiers 260 Sq Ft White CS01 ,4UJNX5RRER0I,/ip/Kloudic-1-L-Portable-and-Quiet-Dehumidifiers-260-Sq-Ft-White-CS01/276839495?athbdg=L1700,$42.99,4.8 out of 5 Stars. 9 reviews
"Honeywell TP50WKN 50 Pint Energy Star Dehumidifier for Basements & Medium Rooms with Mirage Display, Washable Filter to Remove Odor & Filter Change Alert ",30TOJVVC5R1U,/ip/Honeywell-TP50WKN-50-Pint-Energy-Star-Dehumidifier-Basements-Medium-Rooms-Mirage-Display-Washable-Filter-Remove-Odor-Change-Alert/863306136?athbdg=L1600,$259.99,5 out of 5 Stars. 1 reviews
"GE Appliances 30 Pint Energy Star Dehumidifier for Very Damp Rooms, ADEW30LY, White ",4H1G78JL2WAF,/ip/GE-Appliances-30-Pint-Energy-Star-Dehumidifier-for-Very-Damp-Rooms-ADEW30LY-White/164140401,$196.15,4.6 out of 5 Stars. 124 reviews
Ivation IVADM10 Powerful Small-Size Thermo-Electric Dehumidifier - for Smaller Room ,33BKU52LG5ZA,/ip/Ivation-IVADM10-Powerful-Small-Size-Thermo-Electric-Dehumidifier-for-Smaller-Room/49131567,$39.99,3.3 out of 5 Stars. 21 reviews
"Hisense 35-Pint ENERGY STAR 2-Speed Dehumidifier for the Home, Basement, Large Room ",56YEG175A7V7,/ip/Hisense-35-Pint-ENERGY-STAR-2-Speed-Dehumidifier-for-the-Home-Basement-Large-Room/231283095,$210.00,4.4 out of 5 Stars. 11 reviews
"50 pint Dehumidifier 4,500 Sq. ft High Humidity Large Rooms, or Basements, Cooper&Hunter",3RGN162MEN5Z,https://wrd.walmart.com/track?rdf=1&adUid=bb914d76-f0a4-4364-bae2-87cb3a2c038b&plmt=sp-browse-middle~desktop~&tax=1072864_133032_1231459_112918&pltfm=desktop&eventST=click&pgId=1072864_133032_1231459_112918&spQs=m_2YQC7HtIf0Oqohqm6NlJfbLKCqmzBivvmLhcvPIOu9HIgKyt0PZrQdWQfib_Quj81tvkKqgrFuJdUw6Qi7NV36oLF6Cq3jvivQ5qfk1x5RlbtoOTlk4i0dsyqIiMC-olZPyiEwdFoILjTAC4bdOjLKeYKudMtB1RkXWPoC8HQ&storeId=3081&pt=browse&pos=1&bt=1&mloc=sp-browse-middle&bkt=2478&rd=https%3A%2F%2Fwww.walmart.com%2Fip%2F50-pint-Dehumidifier-4-500-Sq-ft-High-Humidity-Large-Rooms-or-Basements-Cooper-Hunter%2F370321486%3Fathbdg%3DL1400&athbdg=L1400,$199.00,
"TACKLIFE Home Dehumidifiers 35 Pints For 3000 Sq. ft Room, Large Removal with Water Bucket & Continuous Drain Hose for Self-Draining, Ideal for Basement(38°F), Bedroom, Bathroom | TKD350",6F1H0SUE096Q,https://wrd.walmart.com/track?rdf=1&adUid=bb914d76-f0a4-4364-bae2-87cb3a2c038b&plmt=sp-browse-middle~desktop~&tax=1072864_133032_1231459_112918&pltfm=desktop&eventST=click&pgId=1072864_133032_1231459_112918&spQs=2iIoF_rX22ObvlVPCQsuYhiORL4CCm7gcD11uKEDYNN16yHbvjO63m2gndBUr38Rd1toSfdCjrHs6jJMOqaRbih8gBjktNAH9yWuxhfo-Q0XUVCiU_JLHH0L__eOwicGqZyWSEskboVb5vxFDGtF4HcEDJ9IJeK1uKR4PlDmcoU&storeId=3081&pt=browse&pos=2&bt=1&mloc=sp-browse-middle&bkt=2478&rd=https%3A%2F%2Fwww.walmart.com%2Fip%2FTACKLIFE-Home-Dehumidifiers-35-Pints-For-3000-Sq-ft-Room-Large-Removal-Water-Bucket-Continuous-Drain-Hose-Self-Draining-Ideal-Basement-38-F-Bedroom-B%2F455059422%3Fathbdg%3DL1700&athbdg=L1700,$174.99,5 out of 5 Stars. 1 reviews
"Waykar 70 Pints Dehumidifier for Basement and Home with Drain Hose, Spaces up to 4500 Sq Ft, Removes 9 Gallons Moisture/Day, 1.18 Gallons Water Tank and Four Air Outlets",30VG1S754JKH,https://wrd.walmart.com/track?rdf=1&adUid=bb914d76-f0a4-4364-bae2-87cb3a2c038b&plmt=sp-browse-middle~desktop~&tax=1072864_133032_1231459_112918&pltfm=desktop&eventST=click&pgId=1072864_133032_1231459_112918&spQs=Ev6TThKxqma-yCSk7qDxJH62udCmG_BXntrvtI6C0UOzikq0lmREYFcVsUQ-_88GrZ8inQiqI0149FUpIdxCUKRyg2KwyEBpK_gK0VlZdEajd8mXrauGFcVnXhlcd6LuO0HVaZforTzilqzpo1nTOBpEf-8TbVfOd6ye6iH_NeQ&storeId=3081&pt=browse&pos=3&bt=1&mloc=sp-browse-middle&bkt=2478&rd=https%3A%2F%2Fwww.walmart.com%2Fip%2FWaykar-70-Pints-Dehumidifier-Basement-Home-Drain-Hose-Spaces-4500-Sq-Ft-Removes-9-Gallons-Moisture-Day-1-18-Water-Tank-Four-Air-Outlets%2F346744009%3Fathbdg%3DL1700&athbdg=L1700,$259.99,5 out of 5 Stars. 668 reviews
ALROCKET 5-Pint Dehumidifier Portable and Ultra Quiet with Automatic Defrosting for Home 1000ML(2200 Cubic Feet),70C6MU9I6MLG,https://wrd.walmart.com/track?rdf=1&adUid=bb914d76-f0a4-4364-bae2-87cb3a2c038b&plmt=sp-browse-middle~desktop~&tax=1072864_133032_1231459_112918&pltfm=desktop&eventST=click&pgId=1072864_133032_1231459_112918&spQs=wX7n3h6V6cVlaX5_XNGmdyoa4ppagp72SrQFTSgNA4Iu3i0szoVKynUPfFfQCPsGpY7wOT0mAJC5FdDsBSURERrF_EWRAXDHC5-FzPx8cnKmZqcFLyAgYnJCS8E9xZlisNU1IpV2TnHpfsjF0HNcUPB7eqF2mS8r2rRJKhbLt1k&storeId=3081&pt=browse&pos=4&bt=1&mloc=sp-browse-middle&bkt=2478&rd=https%3A%2F%2Fwww.walmart.com%2Fip%2FALROCKET-5-Pint-Dehumidifier-Portable-and-Ultra-Quiet-with-Automatic-Defrosting-for-Home-1000ML-2200-Cubic-Feet%2F386190834%3Fathbdg%3DL1700&athbdg=L1700,$39.99,4.1 out of 5 Stars. 31 reviews
BLACK+DECKER BD50PMWSA 50-Pint Portable Dehumidifier With Pump,13HTMJHK2DG3,/ip/BLACK-DECKER-BD50PMWSA-50-Pint-Portable-Dehumidifier-With-Pump/755994999,$242.34,
"Joyplayer Electric Mini Dehumidifier, 1500 ml,215 sq ft Compact and Portable for Damp Air, Mold, Moisture in Home, Basement, Caravan, Office, Garage, Removable and Washable",3SPW2VAVQTJA,/ip/Joyplayer-Electric-Mini-Dehumidifier-1500-ml-215-sq-ft-Compact-Portable-Damp-Air-Mold-Moisture-Home-Basement-Caravan-Office-Garage-Removable-Washable/870226157?athbdg=L1700,$59.99,3.9 out of 5 Stars. 26 reviews
Friedrich D35B1A 35 Pint Dehumidifier with Pump,6E5ZQGRU9K9Z,/ip/Friedrich-D35B1A-35-Pint-Dehumidifier-with-Pump/864751540,$349.00,
"GE 35 Pint E-Star Portable Dehumidifer for Very Damp Spaces, White, ADEW35LZ",2LQCXEEBCM5Z,/ip/GE-35-Pint-E-Star-Portable-Dehumidifer-for-Very-Damp-Spaces-White-ADEW35LZ/338189129,$216.00,4.6 out of 5 Stars. 63 reviews
"70-Pint Home Dehumidifier, 4,500 Square Feet for Large Rooms and Basements",25SB5SMO1II8,/ip/70-Pint-Home-Dehumidifier-4-500-Square-Feet-for-Large-Rooms-and-Basements/954235188,$279.99,1 out of 5 Stars. 1 reviews
"Arctic King 20 Pint Energy Star Dehumidifier, Factory Refurbished",1WOVSNVF03SX,/ip/Arctic-King-20-Pint-Energy-Star-Dehumidifier-Factory-Refurbished/896697728,$109.99,
"Midea 22-Pint Energy Star Smart Dry Dehumidifier, Factory Refurbished ",495XXS0IW3MB,https://wrd.walmart.com/track?rdf=1&adUid=bb914d76-f0a4-4364-bae2-87cb3a2c038b&plmt=sp-browse-middle~desktop~&tax=1072864_133032_1231459_112918&pltfm=desktop&eventST=click&pgId=1072864_133032_1231459_112918&spQs=HagyV5F1DpY9JkcvTV8Iy_bxtVjycxGVgPQwieTYJ37gwW8TnAavBuiBbkuIeJRgxY3ZYBAEv5ehwug0Qo6Uu_kNtmk0RXzlO6tWq1jVCmV79-zhUQXsDJooexa-OUaDTQgfxBr_QJ6CW8dFGJeXbTNRe7jPLaYeFU5Wsjo6-hw&storeId=3081&pt=browse&pos=11&bt=1&mloc=sp-browse-middle&bkt=2478&rd=https%3A%2F%2Fwww.walmart.com%2Fip%2FMidea-22-Pint-Energy-Star-Smart-Dry-Dehumidifier-Factory-Refurbished%2F288135705%3Fathbdg%3DL1600&athbdg=L1600,$127.87,5 out of 5 Stars. 1 reviews
AUZKIN 700ml Small Dehumidifiers with LED Light 2200 Cubic feet (215 Sq. ft) ,5EZPAIUMOUEZ,https://wrd.walmart.com/track?rdf=1&adUid=bb914d76-f0a4-4364-bae2-87cb3a2c038b&plmt=sp-browse-middle~desktop~&tax=1072864_133032_1231459_112918&pltfm=desktop&eventST=click&pgId=1072864_133032_1231459_112918&spQs=mfWvQpzjDK-3WsBCFhgBbzV2D6DCZ63GvSecJJYtOTzomb4AGn-UPsctdkTGNMPudJmYE1tDa7ceag0NwbBbUw-sYd_dwOYoueU2ZB5jjyQKR-f2dmJiW3-9Kx6vKNqC6Qa32mWwkox8_Qc8FO6rwFAZ-il2LgS-0Uhj-dttZkE&storeId=3081&pt=browse&pos=12&bt=1&mloc=sp-browse-middle&bkt=2478&rd=https%3A%2F%2Fwww.walmart.com%2Fip%2FAUZKIN-700ml-Small-Dehumidifiers-with-LED-Light-2200-Cubic-feet-215-Sq-ft%2F831347236%3Fathbdg%3DL1700&athbdg=L1700,$35.99,4.4 out of 5 Stars. 19 reviews
"AlorAir Sentinel HD55 Commercial Dehumidifiers for Basements with Drain House, Blue ",5R0SX23YAUYX,/ip/AlorAir-Sentinel-HD55-Commercial-Dehumidifiers-for-Basements-with-Drain-House-Blue/597364517?athbdg=L1400,$599.99,4.5 out of 5 Stars. 2 reviews
Eva-Dry E-500 High Capacity Renewable Dehumidifier ,4ZPLX4NKFI0Z,/ip/Eva-Dry-E-500-High-Capacity-Renewable-Dehumidifier/22204914,$27.50,3.3 out of 5 Stars. 11 reviews
"Keystone High Efficiency 50-Pint Dehumidifier with Electronic Controls, KSTAD70C ",5B6ESN8Y68C8,/ip/Keystone-High-Efficiency-50-Pint-Dehumidifier-with-Electronic-Controls-KSTAD70C/180896539,$298.46,4.3 out of 5 Stars. 34 reviews
"Honeywell 50 Pint Energy Star Dehumidifier for Basements, Bedrooms & Large Rooms up to 4000 Sq Ft. | Smart Digital Humidistat Control System | Washable Filter | TP70WKN ",2SMQH29LX169,/ip/Honeywell-50-Pint-Energy-Star-Dehumidifier-Basements-Bedrooms-Large-Rooms-4000-Sq-Ft-Smart-Digital-Humidistat-Control-System-Washable-Filter-TP70WKN/578773396,$329.39,4.4 out of 5 Stars. 29 reviews
"AlorAir Commercial Dehumidifiers for Basements/Crawlspace, Energy Star, White ",5SDLZFPHTLVM,/ip/AlorAir-Commercial-Dehumidifiers-for-Basements-Crawlspace-Energy-Star-White/864971298?athbdg=L1600,$629.69,4.6 out of 5 Stars. 21 reviews
Dehumidifiers for Home with Drain Hose Negative Ions Electric Mini Dehumidifier for Home Bedroom Basement Kitchen Caravan Office Garage ,1HUAJCLQJ0B6,/ip/Dehumidifiers-for-Home-with-Drain-Hose-Negative-Ions-Electric-Mini-Dehumidifier-for-Home-Bedroom-Basement-Kitchen-Caravan-Office-Garage/750315562?athbdg=L1700,$92.99,2.7 out of 5 Stars. 3 reviews
Honeywell Smart Wi-Fi Energy Star Dehumidifiers ,7KPFGC4ZJGIB,/ip/Honeywell-Smart-Wi-Fi-Energy-Star-Dehumidifier-for-Basement-Small-Room-Up-to-1000-sq-ft/140857770,From $269.99,4.2 out of 5 Stars. 12 reviews
"Cooper&Hunter 60 Pint Dehumidifier for Large Room, House, or Basement with Drain Hose and Drain Pump Deshumidificador ",5XOWD3K45BON,/ip/Cooper-Hunter-60-Pint-Dehumidifier-for-Large-Room-House-or-Basement-with-Drain-Hose-and-Drain-Pump-Deshumidificador/507115111?athbdg=L1400,$349.00,
"Waykar 30 Pints Dehumidifier for Basement and Home with Drain Hose, Spaces up to 1700 Sq Ft, Moisture Remove ",3LU4EAGDIRHL,https://wrd.walmart.com/track?rdf=1&adUid=bb914d76-f0a4-4364-bae2-87cb3a2c038b&plmt=sp-browse-middle~desktop~&tax=1072864_133032_1231459_112918&pltfm=desktop&eventST=click&pgId=1072864_133032_1231459_112918&spQs=EfPsXnIJ23s7ywBewoRVAX62udCmG_BXntrvtI6C0UOzikq0lmREYFcVsUQ-_88GrZ8inQiqI0149FUpIdxCUKRyg2KwyEBpK_gK0VlZdEamZqcFLyAgYnJCS8E9xZli6z-GuFFFKfmHtYmG0qVJSnCsMuAWjtQHslD3glueGWg&storeId=3081&pt=browse&pos=22&bt=1&mloc=sp-browse-middle&bkt=2478&rd=https%3A%2F%2Fwww.walmart.com%2Fip%2FWaykar-30-Pints-Dehumidifier-for-Basement-and-Home-with-Drain-Hose-Spaces-up-to-1700-Sq-Ft-Moisture-Remove%2F410505447%3Fathbdg%3DL1700&athbdg=L1700,$179.99,4 out of 5 Stars. 146 reviews
"hOmeLabs 4,500 Sq. Ft Energy Star Dehumidifier for Extra Large Rooms and Basements ",2QL914V3XP0R,https://wrd.walmart.com/track?rdf=1&adUid=bb914d76-f0a4-4364-bae2-87cb3a2c038b&plmt=sp-browse-middle~desktop~&tax=1072864_133032_1231459_112918&pltfm=desktop&eventST=click&pgId=1072864_133032_1231459_112918&spQs=i8QrdH1EgED_VkmLyg_IMuhYl524Vr8NM72QFcZiDtxCx54v5Di3kDWC2Vbt6q3rQEoRQ1xgXvmKU6BJRaxCvmfU_H_IjhHsEuZp17ivff9UBmIR4DkMeFobOc5uZifyTqx9TdzHb6D4BNcxlMeyeBP971-tnpQeW9j4jphK7J0&storeId=3081&pt=browse&pos=23&bt=1&mloc=sp-browse-middle&bkt=2478&rd=https%3A%2F%2Fwww.walmart.com%2Fip%2FhOmeLabs-4-500-Sq-Ft-Energy-Star-Dehumidifier-for-Extra-Large-Rooms-and-Basements%2F605416084%3Fathbdg%3DL1700&athbdg=L1700,$269.97,4.5 out of 5 Stars. 263 reviews
"Kesnos 34 Pints 2500 Sq. Ft Dehumidifier for Home and Basements with Drain Hose, Water Tank, Timer, Auto Defrost ",3J251GR68GGH,/ip/Kesnos-34-Pints-2500-Sq-Ft-Dehumidifier-for-Home-and-Basements-with-Drain-Hose-Water-Tank-Timer-Auto-Defrost/427346659?athbdg=L1700,$169.99,4.4 out of 5 Stars. 517 reviews
"Emerson Quiet Kool New DOE Standard 50 Pint Dehumidifier (Old DOE 70 Pint), with Wifi and Voice Control, Works Amazon Alexa and Google Home, EAD50SE1H ",2Q0A6O2QUPVS,/ip/Emerson-Quiet-Kool-New-DOE-Standard-50-Pint-Dehumidifier-Old-70-Pint-Wifi-Voice-Control-Works-Amazon-Alexa-Google-Home-EAD50SE1H/453459518,$249.99,
AIRBOSS Closet Dehumidifier Mini Dehumidifier and Moisture Absorber 6.7 Oz ,2PS47PJ8O0DO,/ip/AIRBOSS-Closet-Dehumidifier-Mini-Dehumidifier-and-Moisture-Absorber-6-7-Oz/16326912,$9.28,4.9 out of 5 Stars. 8 reviews
Shinco 50-Pint Energy Star Dehumidifier for Large Rooms and Basements ,6MZX6POCXIY0,/ip/Shinco-50-Pint-Energy-Star-Dehumidifier-for-Large-Rooms-and-Basements/217923417,$199.99,5 out of 5 Stars. 2 reviews
"Midea 50-Pint EnergyStar Smart Dehumidifier for Wet Rooms with Pump, Black, MAD50PS1WBL ",50TCXD8039PC,/ip/Midea-50-Pint-EnergyStar-Smart-Dehumidifier-for-Wet-Rooms-with-Pump-Black-MAD50PS1WBL/313687446,$333.00,1 out of 5 Stars. 1 reviews
Lockdown Original GoldenRod Dehumidifier ,69DW1CVWCXTM,/ip/Lockdown-Original-GoldenRod-Dehumidifier/34975396,$38.08,4.3 out of 5 Stars. 6 reviews
"Kesnos 180 Pints Commercial Dehumidifiers for Large Room or Basements, Industrial Large Dehumidifier with Pump and Drain Hose, Dehumidifiers for Home with Intelligent Humidity Control ",24PY25N5JRRC,/ip/Kesnos-180-Pints-Commercial-Dehumidifiers-Large-Room-Basements-Industrial-Dehumidifier-Pump-Drain-Hose-Home-Intelligent-Humidity-Control/956692407?athbdg=L1700,$799.99,5 out of 5 Stars. 6 reviews
Shinco 40-Pint Dehumidifier for Medium Rooms and Basements ,4KK96AL8USZB,/ip/Shinco-40-Pint-Dehumidifier-for-Medium-Rooms-and-Basements/440300746,$159.00,3.5 out of 5 Stars. 2 reviews
"Della 3000 Sq. Ft Wi-Fi Energy Star Dehumidifier for Home and Basement with Auto or Manual Drainage, 0.9 Gallon Water Tank Capacity ",77VRVUA731DS,https://wrd.walmart.com/track?rdf=1&adUid=bb914d76-f0a4-4364-bae2-87cb3a2c038b&plmt=sp-browse-middle~desktop~&tax=1072864_133032_1231459_112918&pltfm=desktop&eventST=click&pgId=1072864_133032_1231459_112918&spQs=3dv3-E5ehzQJX2WH1h36zQHeTIB57UTXghEuM3L6SILvfAddOccGxULM5XnsjVr2PL58KBP8V64sTWWjISHGncHi9m3w7LrbNYlqwxi4dyM03D-q1PIbUmS3Lx9BsI9DcSSYAZ3N7QuT64hT6h8gVCcl5JvU8yEaweUz4cvRpAE&storeId=3081&pt=browse&pos=32&bt=1&mloc=sp-browse-middle&bkt=2478&rd=https%3A%2F%2Fwww.walmart.com%2Fip%2FDella-3000-Sq-Ft-Wi-Fi-Energy-Star-Dehumidifier-for-Home-and-Basement-with-Auto-or-Manual-Drainage-0-9-Gallon-Water-Tank-Capacity%2F206416933%3Fathbdg%3DL1600&athbdg=L1600,$189.96,4.2 out of 5 Stars. 21 reviews
"Midea 50-Pint EnergyStar Dehumidifier for Wet Rooms with Pump, MAD50P1ZWS ",6YLJOI14DL8P,https://wrd.walmart.com/track?rdf=1&adUid=bb914d76-f0a4-4364-bae2-87cb3a2c038b&plmt=sp-browse-middle~desktop~&tax=1072864_133032_1231459_112918&pltfm=desktop&eventST=click&pgId=1072864_133032_1231459_112918&spQs=yGmCFLkoIp2puXkrhIgQtjDcnDNc8wetx4uRYAEaNDxFkF-RAWDD-OGeyR9C25u1BYZHght8_BlHo4-jq7cIcBhxT67jUlv4qbPovCgYDGeDE0GsDtEJ2xZFklSwFEbtvGV_qQTSLXTEylA57jcD9rkD24OTAcHRJlww3V8lc1Y&storeId=3081&pt=browse&pos=33&bt=1&mloc=sp-browse-middle&bkt=2478&rd=https%3A%2F%2Fwww.walmart.com%2Fip%2FMidea-50-Pint-EnergyStar-Dehumidifier-for-Wet-Rooms-with-Pump-MAD50P1ZWS%2F183627460&/ip/Midea-50-Pint-EnergyStar-Dehumidifier-for-Wet-Rooms-with-Pump-MAD50P1ZWS/183627460,$198.00,4.4 out of 5 Stars. 57 reviews
"Remington Model 365 Mini Gun Safe Dehumidifier, Wireless & Rechargeable - 19950 ",7CSWCW9VITFM,/ip/Remington-Model-365-Mini-Gun-Safe-Dehumidifier-Wireless-Rechargeable-19950/15729968,$26.55,4.5 out of 5 Stars. 13 reviews
Honeywell Energy Star 30-Pint Dehumidifier with Washable Filter ,0WKFQX2TDTST,/ip/Honeywell-Energy-Star-30-Pint-Dehumidifier-with-Washable-Filter/616549345,$285.67,4.1 out of 5 Stars. 43 reviews
Ivation IVADM35 Powerful Mid-Size Thermo-Electric Dehumidifier ,5G42IP60IHQD,/ip/Ivation-IVADM35-Powerful-Mid-Size-Thermo-Electric-Dehumidifier/48555260,$89.99,3.4 out of 5 Stars. 12 reviews
Shinco Energy Star 70-Pint Dehumidifier with Drain Pump for Large Rooms and Basements ,740DX76H3KDK,/ip/Shinco-Energy-Star-70-Pint-Dehumidifier-with-Drain-Pump-for-Large-Rooms-and-Basements/464381523,$279.99,
Dehumidifier Pellets Moisture Absorber and Charcoal Smell Remove Damp Musty Smell | Basement Closet Home RV or Boating (230g) - 2 PACK ,6FVBZFG9EDK3,/ip/Dehumidifier-Pellets-Moisture-Absorber-and-Charcoal-Smell-Remove-Damp-Musty-Smell-Basement-Closet-Home-RV-or-Boating-230g-2-PACK/919331567,$22.99,
Sunpentown Mini Dehumidifier SD-350 ,6RN2MVISFKYX,/ip/Sunpentown-Mini-Dehumidifier-SD-350/10750086,$69.74,3.5 out of 5 Stars. 234 reviews
"Kamileo 70 Pints 4,500 Sq. Ft. Dehumidifier for Medium Spaces and Basements (AP1902) ",6VNQ7JMGNLR9,/ip/Kamileo-70-Pints-4-500-Sq-Ft-Dehumidifier-for-Medium-Spaces-and-Basements-AP1902/212714549,$269.99,
"OEM Hisense Dehumidifier Water Drain Tank Bucket Originally Shipped With DH50K1W, DH70KP1WG, DH70W1WG ",6VW2JIB2ZE4P,/ip/OEM-Hisense-Dehumidifier-Water-Drain-Tank-Bucket-Originally-Shipped-With-DH50K1W-DH70KP1WG-DH70W1WG/679988855,$59.99,
Frigidaire Energy Star 50-Pint Dehumidifier with Built-in Pump in White ,41XYNZANCV8L,/ip/Frigidaire-Energy-Star-50-Pint-Dehumidifier-with-Built-in-Pump-in-White/610515165,$429.00,4.6 out of 5 Stars. 508 reviews
"Kesnos 155 Pints Commercial Dehumidifier with Continuous Drain Hose for Basements, Library, Showrooms, Underground Engineering, Storage Rooms, Warehouse in Large Spaces up to 7500 Sq. Ft, ",6NBMK0SXYMOX,/ip/Kesnos-155-Pints-Commercial-Dehumidifier-Continuous-Drain-Hose-Basements-Library-Showrooms-Underground-Engineering-Storage-Rooms-Warehouse-Large-Spac/253964512?athbdg=L1700,$589.99,4.6 out of 5 Stars. 18 reviews
Friedrich D50B1A 50 Pint Dehumidifier with Pump ,3TSDZZZ96A7O,/ip/Friedrich-D50B1A-50-Pint-Dehumidifier-with-Pump/382133618,$449.00,3 out of 5 Stars. 2 reviews
"ROVRAK 35 Pints 2500 Square Ft Dehumidifier for Home, Continuous Drain Hose and 0.66 Gallon Water Tank Capacity, White ",1ISLVUSJPNNU,/ip/ROVRAK-35-Pints-2500-Square-Ft-Dehumidifier-for-Home-Continuous-Drain-Hose-and-0-66-Gallon-Water-Tank-Capacity-White/258751830,From $169.99,5 out of 5 Stars. 4 reviews
"ALORAIR 220 Pints Whole House Dewhumidifier for Crawl Space, Basements, Attic, Pump Drain ",1NIQDLGQH2UY,/ip/ALORAIR-220-Pints-Whole-House-Dewhumidifier-for-Crawl-Space-Basements-Attic-Pump-Drain/219213240,"$1,235.00",4.8 out of 5 Stars. 24 reviews
"Unscented Moisture Absorber, Humidity Absorber Attracts Extra Moisture from Your Bathroom, Closet, Kitchen & Study, Dehumidifier for Closet ",3O4SRX5UJKGG,/ip/Unscented-Moisture-Absorber-Humidity-Absorber-Attracts-Extra-Moisture-from-Your-Bathroom-Closet-Kitchen-Study-Dehumidifier-for-Closet/549325977?athbdg=L1700,From $6.59,
Mini Dehumidifier by GERO Rechargeable Renewable Small Moisture Eliminator Air ,30OLLPW6W691,/ip/Mini-Dehumidifier-by-GERO-Rechargeable-Renewable-Small-Moisture-Eliminator-Air/183919769,$19.95,2.3 out of 5 Stars. 4 reviews
"Golden Rod Dehumidifier, Original, 24"" OM=4 - 725741 ",5BHX4YTQJOS2,/ip/Golden-Rod-Dehumidifier-Original-24-OM-4-725741/414985381,$64.00,5 out of 5 Stars. 1 reviews
Magic Chef Mini Dehumidifier ,1W7NO53FKAU1,/ip/Magic-Chef-Mini-Dehumidifier/421744159,$64.95,3.4 out of 5 Stars. 19 reviews
"AlorAir Storm LGR Extreme Commercial Dehumidifiers 180 Pints for Crawlspace and Basement Drying, Red ",55UGO99FZO3K,/ip/AlorAir-Storm-LGR-Extreme-Commercial-Dehumidifiers-180-Pints-for-Crawlspace-and-Basement-Drying-Red/254593741,$899.00,4.6 out of 5 Stars. 19 reviews
"50 pint Dehumidifier 4,500 Sq. ft High Humidity Large Rooms, or Basements, Cooper&Hunter",3RGN162MEN5Z,https://wrd.walmart.com/track?rdf=1&adUid=d716684e-43e8-4988-8634-9bbf71d6c03d&plmt=sp-browse-middle~desktop~&tax=1072864_133032_1231459_112918&pltfm=desktop&eventST=click&pgId=1072864_133032_1231459_112918&spQs=m_2YQC7HtIf0Oqohqm6NlJfbLKCqmzBivvmLhcvPIOu9HIgKyt0PZrQdWQfib_Quj81tvkKqgrFuJdUw6Qi7NaOSJr70aAmr2jC8cnw0iMdRlbtoOTlk4i0dsyqIiMC-olZPyiEwdFoILjTAC4bdOjLKeYKudMtB1RkXWPoC8HQ&storeId=3081&pt=browse&pos=1&bt=1&mloc=sp-browse-middle&bkt=2478&rd=https%3A%2F%2Fwww.walmart.com%2Fip%2F50-pint-Dehumidifier-4-500-Sq-ft-High-Humidity-Large-Rooms-or-Basements-Cooper-Hunter%2F370321486%3Fathbdg%3DL1400&athbdg=L1400,$199.00,
"TACKLIFE Home Dehumidifiers 35 Pints For 3000 Sq. ft Room, Large Removal with Water Bucket & Continuous Drain Hose for Self-Draining, Ideal for Basement(38°F), Bedroom, Bathroom | TKD350",6F1H0SUE096Q,https://wrd.walmart.com/track?rdf=1&adUid=d716684e-43e8-4988-8634-9bbf71d6c03d&plmt=sp-browse-middle~desktop~&tax=1072864_133032_1231459_112918&pltfm=desktop&eventST=click&pgId=1072864_133032_1231459_112918&spQs=2iIoF_rX22ObvlVPCQsuYhiORL4CCm7gcD11uKEDYNN16yHbvjO63m2gndBUr38Rd1toSfdCjrHs6jJMOqaRbkHJMvd7qoE0dy0XsXLInHwXUVCiU_JLHH0L__eOwicGqZyWSEskboVb5vxFDGtF4HcEDJ9IJeK1uKR4PlDmcoU&storeId=3081&pt=browse&pos=2&bt=1&mloc=sp-browse-middle&bkt=2478&rd=https%3A%2F%2Fwww.walmart.com%2Fip%2FTACKLIFE-Home-Dehumidifiers-35-Pints-For-3000-Sq-ft-Room-Large-Removal-Water-Bucket-Continuous-Drain-Hose-Self-Draining-Ideal-Basement-38-F-Bedroom-B%2F455059422%3Fathbdg%3DL1700&athbdg=L1700,$174.99,5 out of 5 Stars. 1 reviews
"Waykar 70 Pints Dehumidifier for Basement and Home with Drain Hose, Spaces up to 4500 Sq Ft, Removes 9 Gallons Moisture/Day, 1.18 Gallons Water Tank and Four Air Outlets",30VG1S754JKH,https://wrd.walmart.com/track?rdf=1&adUid=d716684e-43e8-4988-8634-9bbf71d6c03d&plmt=sp-browse-middle~desktop~&tax=1072864_133032_1231459_112918&pltfm=desktop&eventST=click&pgId=1072864_133032_1231459_112918&spQs=Ev6TThKxqma-yCSk7qDxJH62udCmG_BXntrvtI6C0UOzikq0lmREYFcVsUQ-_88GrZ8inQiqI0149FUpIdxCUAm4mKiMVh7xyRVY5ppw1emjd8mXrauGFcVnXhlcd6LuO0HVaZforTzilqzpo1nTOBpEf-8TbVfOd6ye6iH_NeQ&storeId=3081&pt=browse&pos=3&bt=1&mloc=sp-browse-middle&bkt=2478&rd=https%3A%2F%2Fwww.walmart.com%2Fip%2FWaykar-70-Pints-Dehumidifier-Basement-Home-Drain-Hose-Spaces-4500-Sq-Ft-Removes-9-Gallons-Moisture-Day-1-18-Water-Tank-Four-Air-Outlets%2F346744009%3Fathbdg%3DL1700&athbdg=L1700,$259.99,5 out of 5 Stars. 668 reviews
ALROCKET 5-Pint Dehumidifier Portable and Ultra Quiet with Automatic Defrosting for Home 1000ML(2200 Cubic Feet),70C6MU9I6MLG,https://wrd.walmart.com/track?rdf=1&adUid=d716684e-43e8-4988-8634-9bbf71d6c03d&plmt=sp-browse-middle~desktop~&tax=1072864_133032_1231459_112918&pltfm=desktop&eventST=click&pgId=1072864_133032_1231459_112918&spQs=wX7n3h6V6cVlaX5_XNGmdyoa4ppagp72SrQFTSgNA4Iu3i0szoVKynUPfFfQCPsGpY7wOT0mAJC5FdDsBSUREe-0u6i6Qaq87ekpUfcEum2mZqcFLyAgYnJCS8E9xZlisNU1IpV2TnHpfsjF0HNcUPB7eqF2mS8r2rRJKhbLt1k&storeId=3081&pt=browse&pos=4&bt=1&mloc=sp-browse-middle&bkt=2478&rd=https%3A%2F%2Fwww.walmart.com%2Fip%2FALROCKET-5-Pint-Dehumidifier-Portable-and-Ultra-Quiet-with-Automatic-Defrosting-for-Home-1000ML-2200-Cubic-Feet%2F386190834%3Fathbdg%3DL1700&athbdg=L1700,$39.99,4.1 out of 5 Stars. 31 reviews
"airBOSS Closet Dehumidifier, For Storage Closets and Small Spaces, Fights Mildew and Odors",28BEUPMOO74R,/ip/airBOSS-Closet-Dehumidifier-For-Storage-Closets-and-Small-Spaces-Fights-Mildew-and-Odors/590645294,$9.38,
Danby50 Pint DoE Dehumidifier with Pump Recertified,6CTUZ4XLSNLS,/ip/Danby-50-Pint-Dehumidifier-with-Pump/889830634,$190.99,4.7 out of 5 Stars. 136 reviews
"Yaufey 32.7 Pints Dehumidifier for Basement and Home with Drain Hose, Spaces up to 1700 Sq Ft, with Continuous or Manual Drainage, Intelligent Control Quietly Removes Moisture",1L7N1J4XH6XN,/ip/Yaufey-32-7-Pints-Dehumidifier-Basement-Home-Drain-Hose-Spaces-1700-Sq-Ft-Continuous-Manual-Drainage-Intelligent-Control-Quietly-Removes-Moisture/112494633?athbdg=L1700,$169.99,4.3 out of 5 Stars. 91 reviews
1.5L Electric Mini Dehumidifier 215 sq ft Compact Portable for Damp Air Household,7HYWIL1VCOQ0,/ip/1-5L-Electric-Mini-Dehumidifier-215-sq-ft-Compact-Portable-for-Damp-Air-Household/245166735?athbdg=L1700,$64.99,5 out of 5 Stars. 1 reviews
Lockdown Original GoldenRod Dehumidifier,2P8PQG2H3BDD,/ip/Lockdown-Original-GoldenRod-Dehumidifier/34975373,From $44.03,4.6 out of 5 Stars. 14 reviews
"Woozoo Dehumidifier with Circulator Fan, White",61DFBG6F2TI8,/ip/Woozoo-Dehumidifier-with-Circulator-Fan-White/130503236?athbdg=L1400,$129.99,4.8 out of 5 Stars. 23 reviews
"Midea 22-Pint Energy Star Smart Dry Dehumidifier, Factory Refurbished ",495XXS0IW3MB,https://wrd.walmart.com/track?rdf=1&adUid=d716684e-43e8-4988-8634-9bbf71d6c03d&plmt=sp-browse-middle~desktop~&tax=1072864_133032_1231459_112918&pltfm=desktop&eventST=click&pgId=1072864_133032_1231459_112918&spQs=HagyV5F1DpY9JkcvTV8Iy_bxtVjycxGVgPQwieTYJ37gwW8TnAavBuiBbkuIeJRgxY3ZYBAEv5ehwug0Qo6UuwPgCsvLhqyWBEbx7VmfMsx79-zhUQXsDJooexa-OUaDTQgfxBr_QJ6CW8dFGJeXbTNRe7jPLaYeFU5Wsjo6-hw&storeId=3081&pt=browse&pos=11&bt=1&mloc=sp-browse-middle&bkt=2478&rd=https%3A%2F%2Fwww.walmart.com%2Fip%2FMidea-22-Pint-Energy-Star-Smart-Dry-Dehumidifier-Factory-Refurbished%2F288135705%3Fathbdg%3DL1600&athbdg=L1600,$127.87,5 out of 5 Stars. 1 reviews
AUZKIN 700ml Small Dehumidifiers with LED Light 2200 Cubic feet (215 Sq. ft) ,5EZPAIUMOUEZ,https://wrd.walmart.com/track?rdf=1&adUid=d716684e-43e8-4988-8634-9bbf71d6c03d&plmt=sp-browse-middle~desktop~&tax=1072864_133032_1231459_112918&pltfm=desktop&eventST=click&pgId=1072864_133032_1231459_112918&spQs=mfWvQpzjDK-3WsBCFhgBbzV2D6DCZ63GvSecJJYtOTzomb4AGn-UPsctdkTGNMPudJmYE1tDa7ceag0NwbBbU7qxXuhfkiwB4N_c6Wc_xDgKR-f2dmJiW3-9Kx6vKNqC6Qa32mWwkox8_Qc8FO6rwFAZ-il2LgS-0Uhj-dttZkE&storeId=3081&pt=browse&pos=12&bt=1&mloc=sp-browse-middle&bkt=2478&rd=https%3A%2F%2Fwww.walmart.com%2Fip%2FAUZKIN-700ml-Small-Dehumidifiers-with-LED-Light-2200-Cubic-feet-215-Sq-ft%2F831347236%3Fathbdg%3DL1700&athbdg=L1700,$35.99,4.4 out of 5 Stars. 19 reviews
Waykar 2500 Sq. Ft Dehumidifier for Home Basements Bedroom Moisture Remove Intelligent Humidity Control with Continuous Drain Hose Auto Drainage ,7BJSQNC4PBQH,/ip/Waykar-2500-Sq-Ft-Dehumidifier-for-Home-Basements-Bedroom-Moisture-Remove-Intelligent-Humidity-Control-with-Continuous-Drain-Hose-Auto-Drainage/961585099?athbdg=L1700,$229.99,4.6 out of 5 Stars. 21 reviews
Danby DDR040EBWDB 14 Dehumidifier with 40 Pint Daily Capacity  24 Hour Programmable Timer  Low Temp Function and Auto Restart in White ,74L9DK8Z99OH,/ip/Danby-DDR040EBWDB-14-Dehumidifier-with-40-Pint-Daily-Capacity-24-Hour-Programmable-Timer-Low-Temp-Function-and-Auto-Restart-in-White/712088521?athbdg=L1700,$199.99,
"ALORAIR 198 Pints Commercial Dehumidifiers for Basements/Crawlspace with Ductable  &Pump & Drain Hose, Handle ",2QCTVBNM8PHB,/ip/ALORAIR-198-Pints-Commercial-Dehumidifiers-for-Basements-Crawlspace-with-Ductable-Pump-Drain-Hose-Handle/924364859?athbdg=L1700,"$1,032.00",4.8 out of 5 Stars. 4 reviews
SoleusAir 95 Pint Dehumidifier with Internal Pump Refurbished ,4XMPJ3M306AH,/ip/SoleusAir-95-Pint-Dehumidifier-with-Internal-Pump-Refurbished/133462858,$299.95,
Gero Mini Dehumidifier Rechargeable Renewable Small Moisture Eliminator Air 2 Pk ,44N48GMB5HBS,/ip/Gero-Mini-Dehumidifier-Rechargeable-Renewable-Small-Moisture-Eliminator-Air-2-Pk/114457250,$34.95,3.5 out of 5 Stars. 6 reviews
InvisiPure Hydrowave Dehumidifier - Compact and Portable - Tank Can Be Used with Drain Hose ,445SXFXL1F0H,/ip/InvisiPure-Hydrowave-Dehumidifier-Compact-and-Portable-Tank-Can-Be-Used-with-Drain-Hose/863376453,$69.99,1 out of 5 Stars. 1 reviews
"Dehumidifier 4,500 Sq. ft 50 Pint for Large Room, House, or Basement with Drain Hose and Drain Pump Cooper&Hunter ",2C9UP3CDOBSN,/ip/Dehumidifier-4-500-Sq-ft-50-Pint-for-Large-Room-House-or-Basement-with-Drain-Hose-and-Drain-Pump-Cooper-Hunter/497492782?athbdg=L1400,$258.90,
Hisense DH3019K1W 22-Pint 1-Speed Dehumidifier ,2SRQPR9LUWO6,/ip/Hisense-DH3019K1W-22-Pint-1-Speed-Dehumidifier/962724293,$255.79,4.7 out of 5 Stars. 26 reviews
"Waykar 30 Pints Dehumidifier for Basement and Home with Drain Hose, Spaces up to 1700 Sq Ft, Moisture Remove ",3LU4EAGDIRHL,https://wrd.walmart.com/track?rdf=1&adUid=d716684e-43e8-4988-8634-9bbf71d6c03d&plmt=sp-browse-middle~desktop~&tax=1072864_133032_1231459_112918&pltfm=desktop&eventST=click&pgId=1072864_133032_1231459_112918&spQs=EfPsXnIJ23s7ywBewoRVAX62udCmG_BXntrvtI6C0UOzikq0lmREYFcVsUQ-_88GrZ8inQiqI0149FUpIdxCUAm4mKiMVh7xyRVY5ppw1emmZqcFLyAgYnJCS8E9xZli6z-GuFFFKfmHtYmG0qVJSnCsMuAWjtQHslD3glueGWg&storeId=3081&pt=browse&pos=22&bt=1&mloc=sp-browse-middle&bkt=2478&rd=https%3A%2F%2Fwww.walmart.com%2Fip%2FWaykar-30-Pints-Dehumidifier-for-Basement-and-Home-with-Drain-Hose-Spaces-up-to-1700-Sq-Ft-Moisture-Remove%2F410505447%3Fathbdg%3DL1700&athbdg=L1700,$179.99,4 out of 5 Stars. 146 reviews
"hOmeLabs 4,500 Sq. Ft Energy Star Dehumidifier for Extra Large Rooms and Basements ",2QL914V3XP0R,https://wrd.walmart.com/track?rdf=1&adUid=d716684e-43e8-4988-8634-9bbf71d6c03d&plmt=sp-browse-middle~desktop~&tax=1072864_133032_1231459_112918&pltfm=desktop&eventST=click&pgId=1072864_133032_1231459_112918&spQs=i8QrdH1EgED_VkmLyg_IMuhYl524Vr8NM72QFcZiDtxCx54v5Di3kDWC2Vbt6q3r0ggEyzTv3iVtwiDAzb6CuDudRKfmIerRF9s0w7TgTjZUBmIR4DkMeFobOc5uZifyTqx9TdzHb6D4BNcxlMeyeBP971-tnpQeW9j4jphK7J0&storeId=3081&pt=browse&pos=23&bt=1&mloc=sp-browse-middle&bkt=2478&rd=https%3A%2F%2Fwww.walmart.com%2Fip%2FhOmeLabs-4-500-Sq-Ft-Energy-Star-Dehumidifier-for-Extra-Large-Rooms-and-Basements%2F605416084%3Fathbdg%3DL1700&athbdg=L1700,$269.97,4.5 out of 5 Stars. 263 reviews
"ALORAIR LGR 180 Pint Commercial Dehumidifier for Damage Restoration, Basement/Crawl Space WI-FI Control ",1D1XSADWHL14,/ip/ALORAIR-LGR-180-Pint-Commercial-Dehumidifier-for-Damage-Restoration-Basement-Crawl-Space-WI-FI-Control/339360578,"$1,077.00",5 out of 5 Stars. 11 reviews
"Tenergy Sorbi Mini Air Dehumidifier, Auto Shut-Off, Ultra Quiet Dehumidifier with LED Indicator, 1,2 Pints of Moisture Removed Per Day ",13SLPM7KRGVO,/ip/Tenergy-Sorbi-Mini-Air-Dehumidifier-Auto-Shut-Off-Ultra-Quiet-Dehumidifier-with-LED-Indicator-1-2-Pints-of-Moisture-Removed-Per-Day/192137361,$49.99,3.3 out of 5 Stars. 3 reviews
Zarpax LV-A300-US Dark Grey Reusable Car Auto Truck Van SUV and RV Dehumidifier with Smart Indicator ,4N97GQDXSTTV,/ip/Zarpax-LV-A300-US-Dark-Grey-Reusable-Car-Auto-Truck-Van-SUV-and-RV-Dehumidifier-with-Smart-Indicator/709213013,$19.95,
"AIRBOSS Anywhere Dehumidifier, Removes Excess Moisture, Lavender Fields, 10.6 Oz ",77RVM59GS6EF,/ip/AIRBOSS-Anywhere-Dehumidifier-Removes-Excess-Moisture-Lavender-Fields-10-6-Oz/45836934,$12.36,4.7 out of 5 Stars. 9 reviews
"BlueDri BD-130P 225PPD Industrial Commercial Dehumidifier with Hose for Basements in Homes and Job Sites, Blue ",4SZH292TU2ED,/ip/BlueDri-BD-130P-225PPD-Industrial-Commercial-Dehumidifier-with-Hose-for-Basements-in-Homes-and-Job-Sites-Blue/902110238,"From $1,417.69",
Amana Dehumidifiers ,3DGXX4RWYD5E,/ip/Amana-48-Pint-Portable-Dehumidifier-Adjustable-Humidistat-Auto-Shut-Off-Indicator-24-Hour-Timer-For-Use-Bathrooms-Basements-Bedrooms-AMAD481BW/556837936,From $249.99,3.5 out of 5 Stars. 4 reviews
Remington Accessories Model 500 Mini-Dehumidifier ,6B9TDQEUCIT8,/ip/Remington-Accessories-Model-500-Mini-Dehumidifier/24182948,$33.20,3.5 out of 5 Stars. 8 reviews
New and Improved Eva-dry E-333 Renewable Mini Dehumidifier ,64MITHE2AXOH,/ip/New-and-Improved-Eva-dry-E-333-Renewable-Mini-Dehumidifier/904652748,$29.58,
"Della 3000 Sq. Ft Wi-Fi Energy Star Dehumidifier for Home and Basement with Auto or Manual Drainage, 0.9 Gallon Water Tank Capacity ",77VRVUA731DS,https://wrd.walmart.com/track?rdf=1&adUid=d716684e-43e8-4988-8634-9bbf71d6c03d&plmt=sp-browse-middle~desktop~&tax=1072864_133032_1231459_112918&pltfm=desktop&eventST=click&pgId=1072864_133032_1231459_112918&spQs=3dv3-E5ehzQJX2WH1h36zQHeTIB57UTXghEuM3L6SILvfAddOccGxULM5XnsjVr2kf1wYP7d4ZqxilPIesp_IF5BXCIcPhDniIiXHLRnbZk03D-q1PIbUmS3Lx9BsI9DcSSYAZ3N7QuT64hT6h8gVCcl5JvU8yEaweUz4cvRpAE&storeId=3081&pt=browse&pos=32&bt=1&mloc=sp-browse-middle&bkt=2478&rd=https%3A%2F%2Fwww.walmart.com%2Fip%2FDella-3000-Sq-Ft-Wi-Fi-Energy-Star-Dehumidifier-for-Home-and-Basement-with-Auto-or-Manual-Drainage-0-9-Gallon-Water-Tank-Capacity%2F206416933%3Fathbdg%3DL1600&athbdg=L1600,$189.96,4.2 out of 5 Stars. 21 reviews
"Midea 50-Pint EnergyStar Dehumidifier for Wet Rooms with Pump, MAD50P1ZWS ",6YLJOI14DL8P,https://wrd.walmart.com/track?rdf=1&adUid=d716684e-43e8-4988-8634-9bbf71d6c03d&plmt=sp-browse-middle~desktop~&tax=1072864_133032_1231459_112918&pltfm=desktop&eventST=click&pgId=1072864_133032_1231459_112918&spQs=yGmCFLkoIp2puXkrhIgQtjDcnDNc8wetx4uRYAEaNDxFkF-RAWDD-OGeyR9C25u1BYZHght8_BlHo4-jq7cIcBygEOIuCJjsli_g97PIsrCDE0GsDtEJ2xZFklSwFEbtvGV_qQTSLXTEylA57jcD9rkD24OTAcHRJlww3V8lc1Y&storeId=3081&pt=browse&pos=33&bt=1&mloc=sp-browse-middle&bkt=2478&rd=https%3A%2F%2Fwww.walmart.com%2Fip%2FMidea-50-Pint-EnergyStar-Dehumidifier-for-Wet-Rooms-with-Pump-MAD50P1ZWS%2F183627460&/ip/Midea-50-Pint-EnergyStar-Dehumidifier-for-Wet-Rooms-with-Pump-MAD50P1ZWS/183627460,$198.00,4.4 out of 5 Stars. 57 reviews
"OEM Hisense Dehumidifier Water Level Pump Switch Originally Shipped With DH100KP1WG, DH10019TP1WG, DH95KP1SEN ",55L3UA7UP6AE,/ip/OEM-Hisense-Dehumidifier-Water-Level-Pump-Switch-Originally-Shipped-With-DH100KP1WG-DH10019TP1WG-DH95KP1SEN/541010680,$22.99,
PEET - Safekeeping Dryer and Dehumidifier for Gun Safes and Cabinets ,62S82ZYFQXI9,/ip/PEET-Safekeeping-Dryer-and-Dehumidifier-for-Gun-Safes-and-Cabinets/22573691,$22.06,4.4 out of 5 Stars. 7 reviews
GunSaver GoldenRod Dehumidifier ,46LG1D2A71JK,/ip/GunSaver-GoldenRod-Dehumidifier/34569468,$35.26,4 out of 5 Stars. 2 reviews
"Ivation 4,500 Sq Ft Smart Wi-Fi Energy Star Dehumidifier with Pump and App, Includes Continuous Draining Hose Connector, Programmable Humidistat and 2.25 gal Reservoir and for Medium and Large Rooms ",79CV0T5UKVIF,/ip/Ivation-4-500-Sq-Ft-Smart-Wi-Fi-Energy-Star-Dehumidifier-Pump-App-Includes-Continuous-Draining-Hose-Connector-Programmable-Humidistat-2-25-gal-Reserv/909813815,$339.99,
Electronic Kapak Ultra Violet C clean hearing aid dryer and dehumidifier automatic dry case ,3CS7SUJ3ZA4J,/ip/Electronic-Kapak-Ultra-Violet-C-clean-hearing-aid-dryer-and-dehumidifier-automatic-dry-case/556816226,$39.99,5 out of 5 Stars. 2 reviews
"Kesnos 34 Pints 2000 Sq. Ft Dehumidifiers for Large Home and Basements, with Continuous Drain Hose, 24Hr Timer, Child Lock, Auto Defrost ",6KNCJSBR6995,/ip/Kesnos-34-Pints-2000-Sq-Ft-Dehumidifiers-for-Large-Home-and-Basements-with-Continuous-Drain-Hose-24Hr-Timer-Child-Lock-Auto-Defrost/837177698?athbdg=L1700,$179.99,4.4 out of 5 Stars. 101 reviews
Emerson Quiet Kool Dehumidifier ,4UD5HAIAWYYE,/ip/Emerson-Quiet-Kool-High-Efficiency-20-Pint-SMART-Dehumidifier-with-Wi-Fi-and-Voice-Control/661185565,From $199.99,
50/100Pcs Non-Toxic Silica Gel Desiccant Damp Moisture Absorber Dehumidifier for Room Kitchen Clothes Food Storage;50/100Pcs Non-Toxic Silicone Desiccant Damp Moisture Absorber Dehumidifier ,3J4Y85L66EOG,/ip/50-100Pcs-Non-Toxic-Silica-Gel-Desiccant-Damp-Moisture-Absorber-Dehumidifier-Room-Kitchen-Clothes-Food-Storage-50-100Pcs-Silicone/778147332,From $8.92,
Zarpax Outdoor Gear and Gun Safes Double Pack Reusable Dehumidifiers ,320U7JUJTYF1,/ip/Zarpax-Outdoor-Gear-and-Gun-Safes-Double-Pack-Reusable-Dehumidifiers/880620405,$24.15,
6 Dehumidifier Disposable Moisture Absorber Damp Trap Mold Closet Fresh Air Home ,5WREJJEANYCN,/ip/6-Dehumidifier-Disposable-Moisture-Absorber-Damp-Trap-Mold-Closet-Fresh-Air-Home/198817162,$34.98,5 out of 5 Stars. 1 reviews
Gree Energy Star Dehumidifiers ,3QVI0HE75C10,/ip/Gree-Energy-Star-50-Pint-Dehumidifier-for-a-Room-up-to-4500-Sq-Ft/381305561,From $239.99,
"Wireless Mini Dehumidifier for Small Spaces, Bedrooms, Wardrobes, Closets, Cars, Gun Safes. Non-Toxic Cordless Rechargeable Dehumidifier ",554PKF7X31EA,/ip/Wireless-Mini-Dehumidifier-for-Small-Spaces-Bedrooms-Wardrobes-Closets-Cars-Gun-Safes-Non-Toxic-Cordless-Rechargeable-Dehumidifier/873446415?athbdg=L1700,$30.99,
Gun Safe Dehumidifier ,7DKRGNHVSCXZ,/ip/Gun-Safe-Dehumidifier/815115456,$29.39,5 out of 5 Stars. 1 reviews
Koldfront Cac8000w 8000 BTU 115V Casement Air Conditioner - White ,0VLNEE53622Q,/ip/Koldfront-Cac8000w-8000-BTU-115V-Casement-Air-Conditioner-White/973073966,$539.00,3.7 out of 5 Stars. 7 reviews
Emerson Quiet Kool 50-Pint Dehumidifier ,3NBU8YGD2Z91,/ip/Emerson-Quiet-Kool-50-Pint-Dehumidifier/55605425,$262.67,3.8 out of 5 Stars. 12 reviews
50/100Pcs Non-Toxic Silica Gel Desiccant Damp Moisture Absorber Dehumidifier for Room Kitchen Clothes Food Storage;50/100Pcs Non-Toxic Silicone Desiccant Damp Moisture Absorber Dehumidifier ,3NRQYB16GMVR,/ip/50-100Pcs-Non-Toxic-Silica-Gel-Desiccant-Damp-Moisture-Absorber-Dehumidifier-Room-Kitchen-Clothes-Food-Storage-50-100Pcs-Silicone/669137838,$9.24,1 out of 5 Stars. 1 reviews
RPD-551EWP Whynter Energy Star 50 Pint High Capacity up to 4000 Square Feet Portable Dehumidifier with Pump ,2818R0JUK1ZA,/ip/RPD-551EWP-Whynter-Energy-Star-50-Pint-High-Capacity-up-to-4000-Square-Feet-Portable-Dehumidifier-with-Pump/106687207,$334.95,
"SereneLife PDUMID35.5 - Compact Electronic Dehumidifier, Mini Moisture Control ",0RE0N43RW2UZ,/ip/SereneLife-PDUMID35-5-Compact-Electronic-Dehumidifier-Mini-Moisture-Control/528542854,$64.40,4 out of 5 Stars. 9 reviews
